make_scenario_id,name,folder,status,trigger,schedule,systems_touched,sends_comms,runs_sampled,errors,error_rate_pct,last_run,last_error,last_error_msg,dlq,last_edited,webhook_url,calls_scenarios,recommendation,reason,gos_replacement,prerequisite_before_disable,risk_level,OWNER_DECISION,OWNER_NOTES
"430341","כפתור ביצוע פעולות מקבל טריגר מפייפדרייב","(no folder)","active (live)","gateway:CustomMailHook","{""type"":""immediately""}","http","no","50","0","0","2026-07-31T05:26:54.872Z","","","0","2026-04-27T06:12:33.068Z","ij5yy7e8srdliyf6dph5n11fd8nra9wk@hook.us1.make.com","c1i8m4puemnsn5tv31hfvx668pepd4mm 0wr59rwerxp2l3arwwghqhyaiwlzcu9i g1bx3ntjtq6cgylck6yn2fomxqp9rdvh q56scym49n8t5ya383kitnf3h7dc6zgw","KEEP TEMPORARILY","Live with recent executions and no verified GOS replacement identified.","","Determine the owning domain and whether GOS covers it before disabling.","P2 — operational","",""
"2906484","מדריך מאשר רשומת שכר באיירטייבל","(no folder)","active (live)","gateway:CustomWebHook","{""type"":""immediately""}","airtable","no","50","0","0","2026-08-02T08:42:18.758Z","","","0","2024-11-04T11:19:02.648Z","https://hook.us1.make.com/i7p87ixnr37uwbjigg8rax536a92d7fd","","KEEP TEMPORARILY","Live, and duplicated by a GOS surface that is also live.","Payroll module","Verify GOS-side parity (recipients + content), then disable one at a time per Phase 1 and watch 48h.","P2","",""
"4095754","עדכון באירוע ביומן","(no folder)","active (live)","gateway:CustomWebHook","{""type"":""immediately"",""maximum_runs_per_minute"":100}","airtable calendar","no","50","0","0","2026-07-31T16:01:16.356Z","","","0","2026-07-07T14:20:45.734Z","https://hook.us1.make.com/iiyn6hdcetkjx0aokgpwiecinz7rltxw","yecjljo969ld2lpkgylfg6dgubwzsulu","KEEP TEMPORARILY","Live, and duplicated by a GOS surface that is also live.","Tour Calendar sync worker","Verify GOS-side parity (recipients + content), then disable one at a time per Phase 1 and watch 48h.","P2","",""
"1830861","שינויים כמות משתתפים / מידע חשוב על הלקוח / עדכון שם,טלפון,מייל בפרסון","(no folder)","active (live)","gateway:CustomWebHook","{""type"":""immediately""}","pipedrive airtable","no","50","0","0","2026-08-01T09:52:10.348Z","","","9","2026-05-17T09:50:36.032Z","https://hook.us1.make.com/lq3w7jit76j63cs6fm2xefgdtgnsd6n9","bpxeej2ojsw3t4syms2nfnhj68puoiu5 zn5ol0fanfyhev5yq7luxxlnar8mas3d oln3w9tk9477x05vaquyy4yplyarc142","KEEP TEMPORARILY","Live with recent executions and no verified GOS replacement identified.","","Determine the owning domain and whether GOS covers it before disabling.","P2 — operational","",""
"1978153","דחיפה של פתיחת תיקייה בגוגל תמונות","(no folder)","active (live)","airtable:ActionSearchRecords","{""time"":""08:00"",""type"":""daily""}","airtable http","no","34","0","0","2026-08-03T05:00:14.840Z","","","0","2026-04-21T09:50:49.489Z","","b2gdbr2omch67rs6sspq3ll48cmj55ai","KEEP TEMPORARILY","Live, and duplicated by a GOS surface that is also live.","GOS Tour Gallery","Verify GOS-side parity (recipients + content), then disable one at a time per Phase 1 and watch 48h.","P2","",""
"4459424","טריגר לסנריו  https://us1.make.com/120547/scenarios/4452993/edit","(no folder)","active (live)","http:MakeRequest","{""time"":""15:00"",""type"":""daily""}","http","no","34","0","0","2026-08-03T12:00:42.683Z","","","0","2025-12-14T14:04:27.253Z","","ftiipbl5nq9cf7odk8d9b5scjfobe6as","KEEP TEMPORARILY","Live with recent executions and no verified GOS replacement identified.","","Determine the owning domain and whether GOS covers it before disabling.","P2 — operational","",""
"430271","מדי לילה בודק נטישות עגלה באתר > מכניס לפייפדרייב","(no folder)","active (live)","woocommerce:SearchOrders","{""type"":""indefinitely"",""interval"":900,""restrict"":[{""days"":[1,2,3,4,5,6,0],""time"":[""00:30"",""00:31""]}]}","woo http","no","33","0","0","2026-08-02T21:30:04.355Z","","","0","2026-05-06T10:20:37.398Z","","ktl4gj73k8pm2kv3bjapgre35khch2cv","KEEP ACTIVE","Protected lead-intake dependency — this is the only path these leads have into GOS.","GOS website_form ingress — NOT credentialed (WEBSITE_FORM_SECRET unset)","Set WEBSITE_FORM_SECRET; fix adapter gaps G1/G2/G3/G4; repoint the form; prove 14 days of parity. Retire Find/Create UTM LAST, pipe4u second-to-last.","P0 — lead loss","",""
"430238","מדי לילה - משיכת נתוני סגירות דו""ח יומי לגיליון נתונים + שליחה בקבוצת וואטסאפ המצב היום","(no folder)","inactive+INVALID","pipedrive:ListDeals","{""time"":""22:00"",""type"":""daily""}","pipedrive sheets icount whatsapp","YES","31","2","6","2026-07-30T19:00:05.564Z","2026-07-30T19:00:05.564Z","429: daily request budget exceeded (Please check developers.pipedrive.com)","1","2025-03-19T13:01:37.305Z","","","NEEDS MANUAL REVIEW","Auto-deactivated by Make on 2026-07-30..08-02 after repeated Pipedrive 429 ""daily request budget exceeded"" errors. NOT a deliberate decision.","varies — see audit Part 7","Owner decides restore-vs-retire per row AFTER the Pipedrive API budget incident is resolved.","P1 — customer/payment/accounting","",""
"430326","שליחת מייל אישור עדכני","(no folder)","active (live)","gateway:CustomWebHook","{""type"":""immediately""}","http","no","30","0","0","2026-07-30T08:42:36.442Z","","","0","2025-03-09T13:40:23.542Z","https://hook.us1.make.com/iwff9sxyg2ob95qar6a9te2frmclpne6","p7agxxa1tqont84rumkfu3jgql6tuoix","KEEP TEMPORARILY","Live, and duplicated by a GOS surface that is also live.","Confirmation Email module","Verify GOS-side parity (recipients + content), then disable one at a time per Phase 1 and watch 48h.","P1","",""
"430297","מיזוג אנשי קשר פעם ביום","(no folder)","inactive+INVALID","pipedrive:GetPersons","{""time"":""00:30"",""type"":""daily""}","pipedrive http","no","30","2","7","2026-07-30T21:30:02.407Z","2026-07-30T21:30:02.407Z","429: daily request budget exceeded (Please check developers.pipedrive.com)","0","2022-10-19T05:17:26.725Z","","","NEEDS MANUAL REVIEW","Auto-deactivated by Make on 2026-07-30..08-02 after repeated Pipedrive 429 ""daily request budget exceeded"" errors. NOT a deliberate decision.","varies — see audit Part 7","Owner decides restore-vs-retire per row AFTER the Pipedrive API budget incident is resolved.","P1 — customer/payment/accounting","",""
"430300","מייל למשרד עם סיכום פולואפים למחר נשלח מדי ערב","(no folder)","inactive+INVALID","pipedrive:ListDeals","{""time"":""20:00"",""type"":""daily""}","pipedrive gmail","YES","30","2","7","2026-07-30T17:00:06.219Z","2026-07-30T17:00:06.219Z","429: daily request budget exceeded (Please check developers.pipedrive.com)","0","2023-06-24T17:45:10.592Z","","j6dwuqluh6rs6jjt1cwlhhas61a1ld25","NEEDS MANUAL REVIEW","Auto-deactivated by Make on 2026-07-30..08-02 after repeated Pipedrive 429 ""daily request budget exceeded"" errors. NOT a deliberate decision.","varies — see audit Part 7","Owner decides restore-vs-retire per row AFTER the Pipedrive API budget incident is resolved.","P1 — customer/payment/accounting","",""
"430265","מייל למשרד עם סיכום תזכורות תשלום למחר נשלח מדי ערב","(no folder)","inactive+INVALID","pipedrive:ListDeals","{""time"":""20:00"",""type"":""daily""}","pipedrive gmail","YES","30","2","7","2026-07-30T17:00:05.305Z","2026-07-30T17:00:05.305Z","429: daily request budget exceeded (Please check developers.pipedrive.com)","0","2022-10-19T05:17:26.725Z","","li2mqm6jhnql0mcmrjcs8n8cbtcp2dyn","NEEDS MANUAL REVIEW","Auto-deactivated by Make on 2026-07-30..08-02 after repeated Pipedrive 429 ""daily request budget exceeded"" errors. NOT a deliberate decision.","varies — see audit Part 7","Owner decides restore-vs-retire per row AFTER the Pipedrive API budget incident is resolved.","P1 — customer/payment/accounting","",""
"2600471","עדכון שעת סיור מהדיל","(no folder)","active (live)","gateway:CustomWebHook","{""type"":""immediately""}","pipedrive airtable gmail whatsapp","YES","17","0","0","2026-07-30T07:53:06.589Z","","","0","2026-03-27T10:13:26.910Z","https://hook.us1.make.com/tf12u55xm2x5lh7vm7knamqz26txbnvh","bpxeej2ojsw3t4syms2nfnhj68puoiu5 zn5ol0fanfyhev5yq7luxxlnar8mas3d oln3w9tk9477x05vaquyy4yplyarc142","KEEP TEMPORARILY","Live, and duplicated by a GOS surface that is also live — double-send risk to a real recipient.","Tour Calendar sync worker","Verify GOS-side parity (recipients + content), then disable one at a time per Phase 1 and watch 48h.","P2","",""
"430254","פעם בשבוע - מחיקת רשומות ישנות של שיחות משוב ממתינות מהאיירטייבל","(no folder)","active (live)","airtable:ActionSearchRecords","{""days"":[0],""time"":""06:00"",""type"":""weekly""}","airtable","no","5","0","0","2026-08-02T03:00:14.132Z","","","0","2024-01-29T09:45:17.452Z","","","KEEP TEMPORARILY","Live, and duplicated by a GOS surface that is also live.","none — Airtable housekeeping","Verify GOS-side parity (recipients + content), then disable one at a time per Phase 1 and watch 48h.","P3","",""
"3190154","שכר - צוות הניהול מאשר את הערות של המדריך","(no folder)","active (live)","gateway:CustomWebHook","{""type"":""immediately""}","airtable gmail","YES","2","0","0","2026-08-01T09:10:59.384Z","","","0","2025-06-22T12:13:23.219Z","https://hook.us1.make.com/b0vvo1x1svnq0eet68y2bploe1pl0ecg","i7p87ixnr37uwbjigg8rax536a92d7fd b0vvo1x1svnq0eet68y2bploe1pl0ecg","KEEP TEMPORARILY","Live, and duplicated by a GOS surface that is also live — double-send risk to a real recipient.","Payroll module","Verify GOS-side parity (recipients + content), then disable one at a time per Phase 1 and watch 48h.","P2","",""
"430338","ביטול פולואפ מהמייל > עדכון לפייפדרייב","(no folder)","active (no recent runs)","gateway:CustomWebHook","{""type"":""immediately""}","pipedrive","no","0","0","","","","","0","2022-10-19T05:17:26.725Z","https://hook.us1.make.com/m9alfualkg9bt7fdb4fbm9xem7kwv6xf","","NEEDS MANUAL REVIEW","ACTIVE but zero executions in the retained log window — cannot distinguish ""no traffic"" from ""silently broken"". Purpose not inferred from the name.","","Confirm with the business whether this path is still expected to carry traffic.","P2 — operational","",""
"4698828","דחייה ללא תאריך","(no folder)","active (no recent runs)","gateway:CustomWebHook","{""type"":""immediately"",""maximum_runs_per_minute"":null}","airtable","no","0","0","","","","","0","2026-05-02T07:21:08.463Z","https://hook.us1.make.com/0s8miqfeet4uw7iqafjuq3625cut70dg","","NEEDS MANUAL REVIEW","ACTIVE but zero executions in the retained log window — cannot distinguish ""no traffic"" from ""silently broken"". Purpose not inferred from the name.","","Confirm with the business whether this path is still expected to carry traffic.","P2 — operational","",""
"430312","הוצאת חשבונית לתשלום חוזרת מפייפדרייב לאייקאונט + שליחה ללקוח","(no folder)","active (no recent runs)","gateway:CustomWebHook","{""type"":""immediately""}","pipedrive gmail icount http","YES","0","0","","","","","0","2024-02-29T09:55:59.441Z","https://hook.us1.make.com/14ibxfjo86a7rpxpejse0tawbh4e3avq","","NEEDS MANUAL REVIEW","ACTIVE but zero executions in the retained log window — cannot distinguish ""no traffic"" from ""silently broken"". Purpose not inferred from the name.","","Confirm with the business whether this path is still expected to carry traffic.","P2 — operational","",""
"601178","התראה לאלינוי על פעולות במייק","(no folder)","active (no recent runs)","gateway:CustomMailHook","{""type"":""immediately""}","whatsapp","YES","0","0","","","","","0","2023-01-08T08:39:37.474Z","k1c5c3jifu23sl66ab2i2e4879ly6goy@hook.us1.make.com","","NEEDS MANUAL REVIEW","ACTIVE but zero executions in the retained log window — cannot distinguish ""no traffic"" from ""silently broken"". Purpose not inferred from the name.","","Confirm with the business whether this path is still expected to carry traffic.","P2 — operational","",""
"445156","[טופל]שליחת מייל מיידי","(no folder)","active (no recent runs)","gateway:CustomMailHook","{""time"":""09:00"",""type"":""immediately""}","pipedrive airtable gmail","YES","0","0","","","","","0","2024-01-29T09:42:43.454Z","qta679yw6cf2xgvx6xtecs9n9ctk23gw@hook.us1.make.com","67v3a9bdmk6hjexvw5ig3hs1g3qbwel3","NEEDS MANUAL REVIEW","ACTIVE but zero executions in the retained log window — cannot distinguish ""no traffic"" from ""silently broken"". Purpose not inferred from the name.","","Confirm with the business whether this path is still expected to carry traffic.","P2 — operational","",""
"430314","טופס איחוד אירועים מעדכן יומן ופייפדרייב (אירועים מרובים בטופס אחד)","(no folder)","active (no recent runs)","gateway:CustomWebHook","{""type"":""immediately"",""interval"":900}","pipedrive airtable calendar sheets drive http","no","0","0","","","","","0","2024-01-29T09:42:45.810Z","https://hook.us1.make.com/lq84jh4v3ctjmndnfndpwyeaog41u3wi","qr8bkssf9znwn0s12hs171m5m4mme4m5","NEEDS MANUAL REVIEW","ACTIVE but zero executions in the retained log window — cannot distinguish ""no traffic"" from ""silently broken"". Purpose not inferred from the name.","","Confirm with the business whether this path is still expected to carry traffic.","P2 — operational","",""
"430339","טופס איחוד אירועים מעדכן יומן ופייפדרייב (המשך אם יש אירועים מרובים)","(no folder)","active (no recent runs)","gateway:CustomWebHook","{""type"":""immediately"",""interval"":900}","pipedrive calendar sheets drive","no","0","0","","","","","0","2024-01-29T09:42:48.168Z","https://hook.us1.make.com/ju382fx1zgi8h4w99c3upzjvdwscfmex","","NEEDS MANUAL REVIEW","ACTIVE but zero executions in the retained log window — cannot distinguish ""no traffic"" from ""silently broken"". Purpose not inferred from the name.","","Confirm with the business whether this path is still expected to carry traffic.","P2 — operational","",""
"445168","כפתור באיירטייבל להוספת ניסוח מייל מיידי","(no folder)","active (no recent runs)","gateway:CustomWebHook","{""type"":""immediately""}","pipedrive airtable","no","0","0","","","","","0","2024-01-29T09:43:18.272Z","https://hook.us1.make.com/67v3a9bdmk6hjexvw5ig3hs1g3qbwel3","67v3a9bdmk6hjexvw5ig3hs1g3qbwel3","NEEDS MANUAL REVIEW","ACTIVE but zero executions in the retained log window — cannot distinguish ""no traffic"" from ""silently broken"". Purpose not inferred from the name.","","Confirm with the business whether this path is still expected to carry traffic.","P2 — operational","",""
"430342","לקוח מאשר תאריך חלופי > עדכון לפייפדרייב","(no folder)","active (no recent runs)","gateway:CustomWebHook","{""type"":""immediately""}","pipedrive gmail","YES","0","0","","","","","0","2022-10-19T05:17:26.725Z","https://hook.us1.make.com/47jqng44t4k7wsd63tmrckr338afakp7","hu5r0ix1jlwcj8bi2gq6mtsf9ennq1h8 8l77g8t16kai5onbgy16zumuhp9c4t2c","NEEDS MANUAL REVIEW","ACTIVE but zero executions in the retained log window — cannot distinguish ""no traffic"" from ""silently broken"". Purpose not inferred from the name.","","Confirm with the business whether this path is still expected to carry traffic.","P2 — operational","",""
"3190312","מחיקת הודעות וואצאפ מהפייפ ומאיירטייבל","(no folder)","active (no recent runs)","gateway:CustomWebHook","{""type"":""immediately""}","pipedrive airtable","no","0","0","","","","","0","2024-10-06T12:17:57.965Z","https://hook.us1.make.com/9fzbsvau6yhguvp7jnd15v2wu31tfgx5","bgbjomjxbausxpof4j2bh3l5fm5prd0v","NEEDS MANUAL REVIEW","ACTIVE but zero executions in the retained log window — cannot distinguish ""no traffic"" from ""silently broken"". Purpose not inferred from the name.","","Confirm with the business whether this path is still expected to carry traffic.","P2 — operational","",""
"430334","מילוי טופס פורמס שיחות מכירה מעדכן פייפדרייב","(no folder)","active (no recent runs)","gateway:CustomWebHook","{""type"":""immediately"",""interval"":900}","pipedrive","no","0","0","","","","","0","2022-10-19T05:17:26.725Z","https://hook.us1.make.com/urq6uc93iuvpukoquw3g82hxgmp5gtxn","","NEEDS MANUAL REVIEW","ACTIVE but zero executions in the retained log window — cannot distinguish ""no traffic"" from ""silently broken"". Purpose not inferred from the name.","","Confirm with the business whether this path is still expected to carry traffic.","P2 — operational","",""
"430330","מילוי טופס שיחת משוב בפורמס > עדכון לאיירטייבל ולפייפדרייב","(no folder)","active (no recent runs)","gateway:CustomWebHook","{""type"":""immediately""}","pipedrive airtable","no","0","0","","","","","0","2024-01-29T09:44:40.901Z","https://hook.us1.make.com/1f8wqqqrxx8l9p1qxse46mbc7ua6iksv","","NEEDS MANUAL REVIEW","ACTIVE but zero executions in the retained log window — cannot distinguish ""no traffic"" from ""silently broken"". Purpose not inferred from the name.","","Confirm with the business whether this path is still expected to carry traffic.","P2 — operational","",""
"430311","מענה על שאלון לקראת פעילות מעדכן קובץ שיטס ופייפדרייב","(no folder)","active (no recent runs)","gateway:CustomWebHook","{""type"":""immediately"",""interval"":900}","pipedrive sheets drive","no","0","0","","","","","0","2023-02-16T15:33:53.336Z","https://hook.us1.make.com/u2uv8vxgop6h6x3ee222je4qo6ddwgis","hu5r0ix1jlwcj8bi2gq6mtsf9ennq1h8 8l77g8t16kai5onbgy16zumuhp9c4t2c","NEEDS MANUAL REVIEW","ACTIVE but zero executions in the retained log window — cannot distinguish ""no traffic"" from ""silently broken"". Purpose not inferred from the name.","","Confirm with the business whether this path is still expected to carry traffic.","P2 — operational","",""
"430332","עדכון מהמייל על ביטול תזכורת תשלום ללקוח","(no folder)","active (no recent runs)","gateway:CustomWebHook","{""type"":""immediately""}","pipedrive","no","0","0","","","","","0","2022-10-19T05:17:26.725Z","https://hook.us1.make.com/zexwrcs3ksulta3zjvgnwbudhvikqrc1","","NEEDS MANUAL REVIEW","ACTIVE but zero executions in the retained log window — cannot distinguish ""no traffic"" from ""silently broken"". Purpose not inferred from the name.","","Confirm with the business whether this path is still expected to carry traffic.","P2 — operational","",""
"430351","שינוי תאריך/שעה - שליחה ללקוח לאישור ועדכון ליומן אם כבר יש אירוע","(no folder)","active (no recent runs)","gateway:CustomWebHook","{""type"":""immediately""}","pipedrive airtable gmail calendar","YES","0","0","","","","","0","2025-04-14T09:57:29.737Z","https://hook.us1.make.com/c1i8m4puemnsn5tv31hfvx668pepd4mm","kevhaa4ovgb1k2q9o783avfit5hmmpc7 hu5r0ix1jlwcj8bi2gq6mtsf9ennq1h8 8l77g8t16kai5onbgy16zumuhp9c4t2c qyw6h317896t8zywhn3ih8txy7a8kwwb","NEEDS MANUAL REVIEW","ACTIVE but zero executions in the retained log window — cannot distinguish ""no traffic"" from ""silently broken"". Purpose not inferred from the name.","","Confirm with the business whether this path is still expected to carry traffic.","P2 — operational","",""
"1914956","תשובות של טופס עדכון איש כספים ואיש שנוכח בפעילות\","(no folder)","active (no recent runs)","gateway:CustomWebHook","{""type"":""immediately""}","pipedrive airtable","no","0","0","","","","","0","2024-04-02T08:54:15.142Z","https://hook.us1.make.com/kffz0ohrs87o36bmbgf9o36enpiapxen","bpxeej2ojsw3t4syms2nfnhj68puoiu5 zn5ol0fanfyhev5yq7luxxlnar8mas3d oln3w9tk9477x05vaquyy4yplyarc142","NEEDS MANUAL REVIEW","ACTIVE but zero executions in the retained log window — cannot distinguish ""no traffic"" from ""silently broken"". Purpose not inferred from the name.","","Confirm with the business whether this path is still expected to carry traffic.","P2 — operational","",""
"2084319","CHECK EVENT IN GGOGLE CALENDAR","(no folder)","inactive","google-calendar:getAnEvent","{""type"":""indefinitely"",""interval"":900}","calendar","no","0","0","","","","","0","2025-04-23T12:03:28.290Z","","","ALREADY OBSOLETE","Inactive; no retained execution history.","","None — already off. Confirm no scenario chains into it before deleting.","P3 — legacy","",""
"3711041","Integration Airtable","(no folder)","inactive","airtable:ActionSearchRecords","{""type"":""indefinitely"",""interval"":900}","airtable","no","0","0","","","","","0","2025-02-26T11:59:59.332Z","","","ALREADY OBSOLETE","Inactive; no retained execution history.","","None — already off. Confirm no scenario chains into it before deleting.","P3 — legacy","",""
"2066050","Integration Bitly","(no folder)","inactive","pipedrive:GetPersons","{""type"":""indefinitely"",""interval"":900}","pipedrive bitly","no","0","0","","","","","0","2024-03-06T13:25:30.399Z","","yvg1ryauw2scodxgcrf7ygy6m1v6as5t","ALREADY OBSOLETE","Inactive; no retained execution history.","","None — already off. Confirm no scenario chains into it before deleting.","P3 — legacy","",""
"4498021","Integration Facebook Lead Ads","(no folder)","inactive","facebook-lead-ads:WatchLeads","{""type"":""indefinitely"",""interval"":900}","facebook","no","0","0","","","","","0","2026-01-11T13:15:00.061Z","","","ALREADY OBSOLETE","Inactive; no retained execution history.","","None — already off. Confirm no scenario chains into it before deleting.","P3 — legacy","",""
"3136312","Integration Pipedrive CRM","(no folder)","inactive","pipedrive:MakeAPICall","{""type"":""indefinitely"",""interval"":900}","pipedrive","no","0","0","","","","","0","2024-09-23T14:47:09.806Z","","","ALREADY OBSOLETE","Inactive; no retained execution history.","","None — already off. Confirm no scenario chains into it before deleting.","P3 — legacy","",""
"3170013","Integration Pipedrive CRM","(no folder)","inactive","pipedrive:MakeAPICall","{""type"":""indefinitely"",""interval"":900}","pipedrive","no","0","0","","","","","0","2024-10-01T08:23:40.153Z","","","ALREADY OBSOLETE","Inactive; no retained execution history.","","None — already off. Confirm no scenario chains into it before deleting.","P3 — legacy","",""
"3225208","Integration Pipedrive CRM","(no folder)","inactive","pipedrive:MakeAPICall","{""type"":""indefinitely"",""interval"":900}","pipedrive","no","0","0","","","","","0","2024-10-15T09:24:12.909Z","","","ALREADY OBSOLETE","Inactive; no retained execution history.","","None — already off. Confirm no scenario chains into it before deleting.","P3 — legacy","",""
"4452731","Integration Pipedrive CRM","(no folder)","inactive","pipedrive:GetProduct","{""type"":""indefinitely"",""interval"":900}","pipedrive","no","0","0","","","","","0","2025-12-10T09:47:25.471Z","","","ALREADY OBSOLETE","Inactive; no retained execution history.","","None — already off. Confirm no scenario chains into it before deleting.","P3 — legacy","",""
"4452753","Integration Pipedrive CRM","(no folder)","inactive","pipedrive:GetProduct","{""type"":""indefinitely"",""interval"":900}","pipedrive","no","0","0","","","","","0","2025-12-10T10:17:46.085Z","","","ALREADY OBSOLETE","Inactive; no retained execution history.","","None — already off. Confirm no scenario chains into it before deleting.","P3 — legacy","",""
"3823009","Integration Pipedrive CRM, Airtable","(no folder)","inactive","pipedrive:ListDeals","{""type"":""indefinitely"",""interval"":900}","pipedrive airtable","no","0","0","","","","","0","2025-03-31T08:03:11.059Z","","","ALREADY OBSOLETE","Inactive; no retained execution history.","","None — already off. Confirm no scenario chains into it before deleting.","P3 — legacy","",""
"3086104","Integration Pipedrive CRM, Tools","(no folder)","inactive","pipedrive:GetOrganization","{""type"":""indefinitely"",""interval"":900}","pipedrive","no","0","0","","","","","0","2024-09-11T12:57:39.617Z","","","ALREADY OBSOLETE","Inactive; no retained execution history.","","None — already off. Confirm no scenario chains into it before deleting.","P3 — legacy","",""
"3857770","Integration Short.io","(no folder)","inactive","short-cm:getlink","{""type"":""indefinitely"",""interval"":900}","bitly","no","0","0","","","","","0","2025-04-10T11:14:03.881Z","","","ALREADY OBSOLETE","Inactive; no retained execution history.","","None — already off. Confirm no scenario chains into it before deleting.","P3 — legacy","",""
"1984383","Integration Wassenger","(no folder)","inactive","app#wassenger-0waevn:sendMediaFile","{""type"":""indefinitely"",""interval"":900}","whatsapp","YES","0","0","","","","","0","2024-02-13T09:51:53.208Z","","","ALREADY OBSOLETE","Inactive; no retained execution history.","","None — already off. Confirm no scenario chains into it before deleting.","P3 — legacy","",""
"2686481","Integration Webhooks","(no folder)","inactive","gateway:CustomWebHook","{""type"":""immediately""}","","no","0","0","","","","","0","2024-07-01T08:16:47.851Z","https://hook.us1.make.com/uasb1drgtow29u3cc5pep3v1miaygvgk","","ALREADY OBSOLETE","Inactive; no retained execution history.","","None — already off. Confirm no scenario chains into it before deleting.","P3 — legacy","",""
"1927699","Replace Connections Across Make Account [Airtable]","(no folder)","inactive","util:SetVariables","{""type"":""indefinitely"",""interval"":900}","","no","0","0","","","","","0","2024-01-29T09:53:01.385Z","","","ALREADY OBSOLETE","Inactive; no retained execution history.","","None — already off. Confirm no scenario chains into it before deleting.","P3 — legacy","",""
"4631786","הבאת סיורים להכשרת מדריכים","(no folder)","inactive","gateway:CustomWebHook","{""type"":""immediately""}","airtable http","no","0","0","","","","","0","2026-03-23T14:27:22.154Z","","","ALREADY OBSOLETE","Inactive; no retained execution history.","","None — already off. Confirm no scenario chains into it before deleting.","P3 — legacy","",""
"454247","חיפוש אירוע ביומן","(no folder)","inactive","airtable:ActionSearchRecords","{""type"":""indefinitely"",""interval"":900}","airtable calendar","no","0","0","","","","","0","2022-10-31T09:39:41.570Z","","qyw6h317896t8zywhn3ih8txy7a8kwwb","ALREADY OBSOLETE","Inactive; no retained execution history.","","None — already off. Confirm no scenario chains into it before deleting.","P3 — legacy","",""
"430327","טופס איחוד אירועים מעדכן יומן ופייפדרייב","(no folder)","inactive","gateway:CustomWebHook","{""type"":""immediately"",""interval"":900}","pipedrive airtable calendar sheets drive","no","0","0","","","","","0","2022-10-19T05:17:26.725Z","https://hook.us1.make.com/yqescj6cengkx7al862tkxnt9r54scdq","","ALREADY OBSOLETE","Inactive; no retained execution history.","","None — already off. Confirm no scenario chains into it before deleting.","P3 — legacy","",""
"430302","יצירת קישורים לסוכנויות ומפיקים","(no folder)","inactive","pipedrive:ListOrganizations","{""type"":""indefinitely"",""interval"":900}","pipedrive bitly","no","0","0","","","","","0","2022-10-19T05:17:26.725Z","","","ALREADY OBSOLETE","Inactive; no retained execution history.","","None — already off. Confirm no scenario chains into it before deleting.","P3 — legacy","",""
"4038842","יצירת תיקייה בגוגל פוטוז","(no folder)","inactive","gateway:CustomWebHook","{""type"":""immediately""}","","no","0","0","","","","","0","2025-06-08T14:09:34.570Z","https://hook.us1.make.com/w2op7lramnxj6foxewsua6e6i8qrtcri","","ALREADY OBSOLETE","Inactive; no retained execution history.","","None — already off. Confirm no scenario chains into it before deleting.","P3 — legacy","",""
"430237","כל יום רביעי - משיכת מידע לקובץ נתוני קמפיינים","(no folder)","inactive+INVALID","pipedrive:ListDeals","{""days"":[3],""time"":""23:50"",""type"":""weekly""}","pipedrive sheets","no","0","0","","","","","0","2022-10-19T05:17:26.725Z","","","NEEDS MANUAL REVIEW","Flagged isinvalid by Make (broken configuration). Inactive.","","Inspect in the Make UI to determine whether it was ever wanted.","P3 — legacy","",""
"430350","לידים מקמפיין חידה בסמוב > נכנסים לפייפדרייב ומקבלים מייל+קופון","(no folder)","inactive","gateway:CustomWebHook","{""type"":""immediately"",""interval"":900}","pipedrive gmail woo","YES","0","0","","","","","0","2022-10-19T05:17:26.725Z","https://hook.us1.make.com/e7ee96obevyr91pr3a5czbn4r6eyimes","","ALREADY OBSOLETE","Inactive; no retained execution history.","","None — already off. Confirm no scenario chains into it before deleting.","P3 — legacy","",""
"430305","לקוחות עסקיים - מייל למשרד עבור תזכורות לתשלום","(no folder)","inactive","pipedrive:ListDeals","{""time"":""08:00"",""type"":""daily""}","pipedrive gmail","YES","0","0","","","","","0","2022-10-19T05:17:26.725Z","","4ig184mh7eyaca6g3tr0b7afulk1s61x hu5r0ix1jlwcj8bi2gq6mtsf9ennq1h8 8l77g8t16kai5onbgy16zumuhp9c4t2c","ALREADY OBSOLETE","Inactive; no retained execution history.","","None — already off. Confirm no scenario chains into it before deleting.","P3 — legacy","",""
"430285","לקוחות עסקיים - מייל למשרד עבור תזכורות לתשלום (גיבוי)","(no folder)","inactive","pipedrive:ListDeals","{""time"":""08:00"",""type"":""daily""}","pipedrive gmail","YES","0","0","","","","","0","2022-10-19T05:17:26.725Z","","4ig184mh7eyaca6g3tr0b7afulk1s61x hu5r0ix1jlwcj8bi2gq6mtsf9ennq1h8 8l77g8t16kai5onbgy16zumuhp9c4t2c","ALREADY OBSOLETE","Inactive; no retained execution history.","","None — already off. Confirm no scenario chains into it before deleting.","P3 — legacy","",""
"430287","לקוחות עסקיים - פולואפים אוטומטיים במייל (גיבוי)","(no folder)","inactive","pipedrive:ListDeals","{""time"":""08:00"",""type"":""daily""}","pipedrive airtable gmail icount http","YES","0","0","","","","","0","2022-10-19T05:17:26.725Z","","hu5r0ix1jlwcj8bi2gq6mtsf9ennq1h8","ALREADY OBSOLETE","Inactive; no retained execution history.","","None — already off. Confirm no scenario chains into it before deleting.","P3 — legacy","",""
"430284","לקוחות עסקיים - תזכורת לקראת פעילות + תזכורות לתשלום (ישן)","(no folder)","inactive","pipedrive:ListDeals","{""time"":""20:30"",""type"":""daily""}","pipedrive airtable gmail bitly http","YES","0","0","","","","","0","2022-10-19T05:17:26.725Z","","hu5r0ix1jlwcj8bi2gq6mtsf9ennq1h8","ALREADY OBSOLETE","Inactive; no retained execution history.","","None — already off. Confirm no scenario chains into it before deleting.","P3 — legacy","",""
"430269","לקוחות עסקיים - תזכורת לקראת פעילות + תזכורות לתשלום (שבת - ערב)","(no folder)","inactive","pipedrive:ListDeals","{""time"":""20:30"",""type"":""daily""}","pipedrive airtable gmail whatsapp bitly","YES","0","0","","","","","0","2022-10-19T05:17:26.725Z","","hu5r0ix1jlwcj8bi2gq6mtsf9ennq1h8","ALREADY OBSOLETE","Inactive; no retained execution history.","","None — already off. Confirm no scenario chains into it before deleting.","P3 — legacy","",""
"430268","לקוחות עסקיים - תזכורת לתשלום ביום הפעילות עבור הלקוח + המדריך","(no folder)","inactive","pipedrive:ListDeals","{""time"":""08:00"",""type"":""daily""}","pipedrive airtable gmail icount whatsapp http","YES","0","0","","","","","0","2022-10-19T05:17:26.725Z","","qyw6h317896t8zywhn3ih8txy7a8kwwb","ALREADY OBSOLETE","Inactive; no retained execution history.","","None — already off. Confirm no scenario chains into it before deleting.","P3 — legacy","",""
"430276","לקוחות פרטיים ועסקיים (לא סוכנויות ומפיקים) - מייל+וואטסאפ חודש אחרי פעילות","(no folder)","inactive","pipedrive:ListDeals","{""time"":""13:00"",""type"":""daily""}","pipedrive airtable gmail whatsapp","YES","0","0","","","","","0","2022-10-19T05:17:26.725Z","","hu5r0ix1jlwcj8bi2gq6mtsf9ennq1h8 8l77g8t16kai5onbgy16zumuhp9c4t2c","ALREADY OBSOLETE","Inactive; no retained execution history.","","None — already off. Confirm no scenario chains into it before deleting.","P3 — legacy","",""
"430318","לקוחות פרטיים ועסקיים - מייל+וואטסאפ יומיים אחרי פעילות לאנשים נוספים שמילאו שאלון","(no folder)","inactive","gateway:CustomWebHook","{""time"":""16:00"",""type"":""immediately""}","pipedrive airtable gmail sheets whatsapp","YES","0","0","","","","","0","2022-10-31T12:02:41.762Z","https://hook.us1.make.com/19tu9f2fv5boa8vj9u1gvw9kvi5c3mkf","qyw6h317896t8zywhn3ih8txy7a8kwwb","ALREADY OBSOLETE","Inactive; no retained execution history.","","None — already off. Confirm no scenario chains into it before deleting.","P3 — legacy","",""
"430260","לקוחות פרטיים - מייל+וואטסאפ יומיים אחרי פעילות","(no folder)","inactive","pipedrive:ListDeals","{""time"":""16:00"",""type"":""daily""}","pipedrive airtable gmail woo whatsapp http","YES","0","0","","","","","0","2022-10-19T05:17:26.725Z","","69hxwe4kn3f35ttqkj3ek257qc5kc7qj qyw6h317896t8zywhn3ih8txy7a8kwwb","ALREADY OBSOLETE","Inactive; no retained execution history.","","None — already off. Confirm no scenario chains into it before deleting.","P3 — legacy","",""
"430280","מילוי טופס שיחת משוב בפורמס > עדכון לפייפדרייב רטרואקטיבי","(no folder)","inactive","google-sheets:filterRows","{""type"":""indefinitely"",""interval"":900}","pipedrive sheets","no","0","0","","","","","0","2022-10-19T05:17:26.725Z","","","ALREADY OBSOLETE","Inactive; no retained execution history.","","None — already off. Confirm no scenario chains into it before deleting.","P3 — legacy","",""
"2580984"," סוכנויות ומפיקים - מייל שנה אחרי פעילות","(no folder)","inactive","pipedrive:ListDeals","{""time"":""13:00"",""type"":""daily""}","pipedrive http","YES","0","0","","","","","0","2024-06-13T12:18:21.024Z","","xgz3lsdayon0sgxjlui5aooh0lqnh82j bpxeej2ojsw3t4syms2nfnhj68puoiu5 zn5ol0fanfyhev5yq7luxxlnar8mas3d oln3w9tk9477x05vaquyy4yplyarc142","ALREADY OBSOLETE","Inactive; no retained execution history.","","None — already off. Confirm no scenario chains into it before deleting.","P3 — legacy","",""
"430275","סיורים אתמול - העתקה לטבלת שיחות משוב באיירטייבל","(no folder)","inactive","pipedrive:ListDeals","{""time"":""02:00"",""type"":""daily""}","pipedrive airtable","no","0","0","","","","","0","2024-01-29T09:44:56.962Z","","qyw6h317896t8zywhn3ih8txy7a8kwwb","ALREADY OBSOLETE","Inactive; no retained execution history.","","None — already off. Confirm no scenario chains into it before deleting.","P3 — legacy","",""
"430304","סיורים מאתמול - הכנסת נתונים לגיליון נתונים יומיים ושליחה לאלינוי (גיבוי)","(no folder)","inactive","pipedrive:ListDeals","{""time"":""08:00"",""type"":""daily""}","pipedrive gmail sheets","YES","0","0","","","","","0","2022-10-19T05:17:26.725Z","","hu5r0ix1jlwcj8bi2gq6mtsf9ennq1h8 8l77g8t16kai5onbgy16zumuhp9c4t2c","ALREADY OBSOLETE","Inactive; no retained execution history.","","None — already off. Confirm no scenario chains into it before deleting.","P3 — legacy","",""
"430303","סיורים מאתמול - הכנסת נתונים לקובץ חישוב שכר ושליחה לאלינוי (גיבוי)","(no folder)","inactive","pipedrive:ListDeals","{""time"":""08:00"",""type"":""daily""}","pipedrive gmail sheets","YES","0","0","","","","","0","2022-10-19T05:17:26.725Z","","","ALREADY OBSOLETE","Inactive; no retained execution history.","","None — already off. Confirm no scenario chains into it before deleting.","P3 — legacy","",""
"430270","סיורים מאתמול - הכנסת נתונים לקובץ נתונים יומיים+שכר ושליחה לאלינוי (איחוד)","(no folder)","inactive+INVALID","pipedrive:ListDeals","{""time"":""08:00"",""type"":""daily""}","pipedrive airtable gmail sheets","YES","0","0","","","","","0","2022-11-02T10:06:25.835Z","","qyw6h317896t8zywhn3ih8txy7a8kwwb","NEEDS MANUAL REVIEW","Flagged isinvalid by Make (broken configuration). Inactive.","","Inspect in the Make UI to determine whether it was ever wanted.","P3 — legacy","",""
"2466375","עדכון דילים בלינק לסלקיה ללקוח - היסטורי","(no folder)","inactive","pipedrive:ListDeals","{""type"":""indefinitely"",""interval"":900}","pipedrive","no","0","0","","","","","0","2024-05-23T12:02:19.755Z","","zn5ol0fanfyhev5yq7luxxlnar8mas3d bpxeej2ojsw3t4syms2nfnhj68puoiu5 oln3w9tk9477x05vaquyy4yplyarc142","ALREADY OBSOLETE","Inactive; no retained execution history.","","None — already off. Confirm no scenario chains into it before deleting.","P3 — legacy","",""
"430255","רכישה מהאתר - בדיקה מול יומנים מרובים","(no folder)","inactive","woocommerce:GetOrder","{""time"":""11:47"",""type"":""daily""}","airtable calendar woo","no","0","0","","","","","0","2022-10-19T05:17:26.725Z","","","ALREADY OBSOLETE","Inactive; no retained execution history.","","None — already off. Confirm no scenario chains into it before deleting.","P3 — legacy","",""
"430313","רכישה מהאתר > מייל אישור > עדכון ליומן > הוצאת קבלה > עדכון לפייפדרייב","(no folder)","inactive","gateway:CustomWebHook","{""type"":""immediately""}","pipedrive airtable gmail calendar drive woo icount whatsapp http","YES","0","0","","","","","0","2022-10-31T12:08:08.439Z","https://hook.us1.make.com/58iwdj1h2bhilviisv78si9ryxehol7r","ghjtyty8vdyjcbh886yap3jj0wqtg20w","ALREADY OBSOLETE","Inactive; no retained execution history.","","None — already off. Confirm no scenario chains into it before deleting.","P3 — legacy","",""
"612620","רכישה מהאתר > מייל אישור > עדכון ליומן > הוצאת קבלה > עדכון לפייפדרייב (גיבוי 12.1.23)","(no folder)","inactive","gateway:CustomWebHook","{""type"":""immediately""}","pipedrive airtable gmail calendar drive woo icount whatsapp http","YES","0","0","","","","","0","2023-01-12T06:46:47.905Z","https://hook.us1.make.com/uiimcwn233tiytitkkqax2a3tah4up2b","ghjtyty8vdyjcbh886yap3jj0wqtg20w","ALREADY OBSOLETE","Inactive; no retained execution history.","","None — already off. Confirm no scenario chains into it before deleting.","P3 — legacy","",""
"430281","שליחת לינקים אישיים לאנשי קשר תחת סוכנויות","(no folder)","inactive","pipedrive:GetPersons","{""type"":""indefinitely"",""interval"":900}","pipedrive gmail","YES","0","0","","","","","0","2022-10-19T05:17:26.725Z","","","ALREADY OBSOLETE","Inactive; no retained execution history.","","None — already off. Confirm no scenario chains into it before deleting.","P3 — legacy","",""
"430283","תזכורות למדריכים לקראת פעילות (גיבוי)","(no folder)","inactive","pipedrive:ListDeals","{""time"":""09:00"",""type"":""daily""}","pipedrive airtable http","no","0","0","","","","","0","2022-10-19T05:17:26.725Z","","qyw6h317896t8zywhn3ih8txy7a8kwwb","ALREADY OBSOLETE","Inactive; no retained execution history.","","None — already off. Confirm no scenario chains into it before deleting.","P3 — legacy","",""
"430310","[1] מילוי טופס פנימי לקוחות עסקיים (או לקוח פרטי שצריך הצעה) > מעדכן פייפדרייב ושולח קריאה לוובהוק","ארכיון","inactive","gateway:CustomWebHook","{""type"":""immediately""}","pipedrive airtable bitly http","no","0","0","","","","","0","2024-01-29T09:41:35.336Z","https://hook.us1.make.com/f8y16vh2mo37mrbeikyi8trom4gadr39","8temuau6685t8be2nj3rhkglk1h3ehum","ALREADY OBSOLETE","Inactive; no retained execution history.","","None — already off. Confirm no scenario chains into it before deleting.","P3 — legacy","",""
"430309","[2] דיל לקוחות עסקיים חדש (או לקוח פרטי שצריך הצעה) > שולח הצעת מחיר במייל+וואטסאפ עם קישור לטופס הזמנה ומעביר סטייג","ארכיון","inactive","gateway:CustomWebHook","{""type"":""immediately""}","pipedrive airtable gmail icount whatsapp http","YES","0","0","","","","","0","2024-02-25T08:29:33.126Z","https://hook.us1.make.com/764jkrrf2k7z9wal3gq7dk7dsf5f68b1","","ALREADY OBSOLETE","Inactive; no retained execution history.","","None — already off. Confirm no scenario chains into it before deleting.","P3 — legacy","",""
"430319","Closed 5.2.24 - דיל לקוח עסקי הופך לוון > עדכון סטייג' > הוצאת חשבון עסקה ושליחה במייל > עדכון ביומן","ארכיון","inactive","gateway:CustomMailHook","{""type"":""immediately"",""interval"":900}","pipedrive airtable gmail calendar drive icount whatsapp http","YES","0","0","","","","","0","2024-02-05T08:14:39.623Z","u93iz17u61o1dxrlp7qdwxgv53iqscb6@hook.us1.make.com","bpxeej2ojsw3t4syms2nfnhj68puoiu5 zn5ol0fanfyhev5yq7luxxlnar8mas3d oln3w9tk9477x05vaquyy4yplyarc142","ALREADY OBSOLETE","Inactive; no retained execution history.","","None — already off. Confirm no scenario chains into it before deleting.","P3 — legacy","",""
"619425","בדיקת כמות פעולות במייק מדי יום","ארכיון","inactive","util:SetVariable2","{""time"":""08:49"",""type"":""daily""}","whatsapp","YES","0","0","","","","","0","2023-01-16T13:18:50.930Z","","","ALREADY OBSOLETE","Inactive; no retained execution history.","","None — already off. Confirm no scenario chains into it before deleting.","P3 — legacy","",""
"430236","בדיקת מזהי ארגונים בפייפדרייב","ארכיון","inactive","pipedrive:ListOrganizations","{""time"":""08:00"",""type"":""daily""}","pipedrive gmail","YES","0","0","","","","","0","2022-10-19T05:17:26.725Z","","","ALREADY OBSOLETE","Inactive; no retained execution history.","","None — already off. Confirm no scenario chains into it before deleting.","P3 — legacy","",""
"430293","בכל 3 לחודש מושך נתוני סיורים מחודש קודם - הכנסת נתונים לגיליון נתונים מסכם","ארכיון","inactive","pipedrive:ListDeals","{""days"":[3],""time"":""08:00"",""type"":""monthly""}","pipedrive gmail sheets","YES","0","0","","","","","0","2022-10-19T05:17:26.725Z","","hu5r0ix1jlwcj8bi2gq6mtsf9ennq1h8 8l77g8t16kai5onbgy16zumuhp9c4t2c","ALREADY OBSOLETE","Inactive; no retained execution history.","","None — already off. Confirm no scenario chains into it before deleting.","P3 — legacy","",""
"526111","דו""ח יומי עסקאות והכנסות","ארכיון","inactive","pipedrive:ListDeals","{""type"":""indefinitely"",""interval"":900}","pipedrive","no","0","0","","","","","0","2022-12-04T11:50:27.641Z","","","ALREADY OBSOLETE","Inactive; no retained execution history.","","None — already off. Confirm no scenario chains into it before deleting.","P3 — legacy","",""
"430328","טופס פאנזינג שולח הודעת וואטסאפ","ארכיון","inactive","gateway:CustomWebHook","{""type"":""immediately""}","whatsapp","YES","0","0","","","","","0","2022-10-31T11:47:55.498Z","https://hook.us1.make.com/jiwjnghbrrpwed6muy2vzf1mjg0likla","","ALREADY OBSOLETE","Inactive; no retained execution history.","","None — already off. Confirm no scenario chains into it before deleting.","P3 — legacy","",""
"430355","יצירת קישורים מקוצרים לסוכנויות/חברות הפקה חדשות-כובה על ידי גל ב21.5.25","ארכיון","inactive","pipedrive:NewOrganizationEvent","{""type"":""immediately""}","pipedrive bitly","no","0","0","","","","","0","2025-05-21T06:27:32.872Z","https://hook.us1.make.com/goqxa9don45pd1z6f90nf8b5qv2ukao8","","ALREADY OBSOLETE","Inactive; no retained execution history.","","None — already off. Confirm no scenario chains into it before deleting.","P3 — legacy","",""
"430264","יצירת שאלון לקראת פעילות לסיורים בשבוע הקרוב - OFF","ארכיון","inactive+INVALID","pipedrive:ListDeals","{""time"":""10:00"",""type"":""daily""}","pipedrive airtable sheets drive","no","0","0","","","","","0","2026-01-28T17:48:31.556Z","","","NEEDS MANUAL REVIEW","Flagged isinvalid by Make (broken configuration). Inactive.","","Inspect in the Make UI to determine whether it was ever wanted.","P3 — legacy","",""
"430336","כפתור שליחת מיילים מיידיים לסוכנים/מפיקים - נסגר ב-26.3.24","ארכיון","inactive","gateway:CustomMailHook","{""type"":""immediately""}","pipedrive airtable gmail","YES","0","0","","","","","0","2024-03-26T09:36:04.114Z","71iaiwnpa2a7d4c3wgni9vrrl2r7gj1q@hook.us1.make.com","","ALREADY OBSOLETE","Inactive; no retained execution history.","","None — already off. Confirm no scenario chains into it before deleting.","P3 — legacy","",""
"430286","לקוחות עסקיים - יום אחרי פעילות העברה לפייפליין גבייה + מייל סיכום פעילות (גיבוי)","ארכיון","inactive","pipedrive:ListDeals","{""time"":""16:00"",""type"":""daily""}","pipedrive airtable gmail woo http","YES","0","0","","","","","0","2022-10-19T05:17:26.725Z","","69hxwe4kn3f35ttqkj3ek257qc5kc7qj hu5r0ix1jlwcj8bi2gq6mtsf9ennq1h8 8l77g8t16kai5onbgy16zumuhp9c4t2c","ALREADY OBSOLETE","Inactive; no retained execution history.","","None — already off. Confirm no scenario chains into it before deleting.","P3 — legacy","",""
"430263","לקוחות עסקיים - פולואפים אוטומטיים במייל OFFFF","ארכיון","inactive","pipedrive:ListDeals","{""time"":""10:00"",""type"":""daily""}","pipedrive airtable gmail icount http","YES","0","0","","","","","0","2024-09-22T12:38:10.386Z","","hu5r0ix1jlwcj8bi2gq6mtsf9ennq1h8","ALREADY OBSOLETE","Inactive; no retained execution history.","","None — already off. Confirm no scenario chains into it before deleting.","P3 — legacy","",""
"430298","לקוחות עסקיים - תזכורת לקראת פעילות (גיבוי)","ארכיון","inactive","pipedrive:ListDeals","{""time"":""08:00"",""type"":""daily""}","pipedrive airtable gmail bitly","YES","0","0","","","","","0","2022-10-19T05:17:26.725Z","","hu5r0ix1jlwcj8bi2gq6mtsf9ennq1h8 8l77g8t16kai5onbgy16zumuhp9c4t2c","ALREADY OBSOLETE","Inactive; no retained execution history.","","None — already off. Confirm no scenario chains into it before deleting.","P3 — legacy","",""
"430257","לקוחות עסקיים - תזכורת לקראת פעילות + תזכורות לתשלום (ימות השבוע - בוקר)","ארכיון","inactive","pipedrive:ListDeals","{""time"":""08:00"",""type"":""daily""}","pipedrive airtable gmail whatsapp bitly","YES","0","0","","","","","0","2023-06-13T08:16:26.885Z","","hu5r0ix1jlwcj8bi2gq6mtsf9ennq1h8","ALREADY OBSOLETE","Inactive; no retained execution history.","","None — already off. Confirm no scenario chains into it before deleting.","P3 — legacy","",""
"430290","לקוחות עסקיים - תזכורת לקראת פעילות + תזכורות לתשלום (ימות השבוע - בוקר) (wassenger)","ארכיון","inactive","pipedrive:ListDeals","{""time"":""08:00"",""type"":""daily""}","pipedrive gmail icount whatsapp http","YES","0","0","","","","","0","2026-02-15T15:06:46.714Z","","xgz3lsdayon0sgxjlui5aooh0lqnh82j bpxeej2ojsw3t4syms2nfnhj68puoiu5 zn5ol0fanfyhev5yq7luxxlnar8mas3d oln3w9tk9477x05vaquyy4yplyarc142","ALREADY OBSOLETE","Inactive; no retained execution history.","","None — already off. Confirm no scenario chains into it before deleting.","P3 — legacy","",""
"430348","לקוחות פרטיים - שליחת וואטסאפ מיידי OFF","ארכיון","inactive","gateway:CustomMailHook","{""time"":""09:00"",""type"":""immediately""}","pipedrive airtable whatsapp","YES","0","0","","","","","0","2024-09-23T15:18:30.873Z","leckxboucjtjis7rf3xcvnc8jlpxtkkd@hook.us1.make.com","bpxeej2ojsw3t4syms2nfnhj68puoiu5 zn5ol0fanfyhev5yq7luxxlnar8mas3d oln3w9tk9477x05vaquyy4yplyarc142","ALREADY OBSOLETE","Inactive; no retained execution history.","","None — already off. Confirm no scenario chains into it before deleting.","P3 — legacy","",""
"430277","לקוחות פרטיים - תזכורות לקראת פעילות","ארכיון","inactive","pipedrive:ListDeals","{""time"":""08:00"",""type"":""daily""}","pipedrive airtable gmail whatsapp bitly","YES","0","0","","","","","0","2022-10-19T05:17:26.725Z","","","ALREADY OBSOLETE","Inactive; no retained execution history.","","None — already off. Confirm no scenario chains into it before deleting.","P3 — legacy","",""
"430278","נסגר לבקשת אלינוי - 1.2.24בדיקת סיורים קרובים - אם לא מופיע שיבוץ מדריך בפייפדרייב","ארכיון","inactive","pipedrive:ListDeals","{""time"":""08:00"",""type"":""daily""}","pipedrive gmail","YES","0","0","","","","","0","2023-05-14T12:16:02.923Z","","hu5r0ix1jlwcj8bi2gq6mtsf9ennq1h8 8l77g8t16kai5onbgy16zumuhp9c4t2c","ALREADY OBSOLETE","Inactive; no retained execution history.","","None — already off. Confirm no scenario chains into it before deleting.","P3 — legacy","",""
"1889735","נסגר לבקשת אלינוי 14.2.24 -אקטיבטי שיבוץ מדריך","ארכיון","inactive","gateway:CustomWebHook","{""type"":""immediately""}","pipedrive","no","0","0","","","","","0","2024-01-21T07:39:47.707Z","https://hook.us1.make.com/e16fwqygfr8kv5btc9yh13e9g4vk4ojw","","ALREADY OBSOLETE","Inactive; no retained execution history.","","None — already off. Confirm no scenario chains into it before deleting.","P3 — legacy","",""
"430294","סוכנויות ומפיקים - מייל שבוע אחרי פעילות עם קישור לטופס הזמנה חוזרת- OFF ON PURPOSE 20/7/25","ארכיון","inactive","pipedrive:ListDeals","{""time"":""08:00"",""type"":""daily""}","pipedrive airtable gmail","YES","0","0","","","","","0","2025-07-20T07:23:25.021Z","","hu5r0ix1jlwcj8bi2gq6mtsf9ennq1h8 8l77g8t16kai5onbgy16zumuhp9c4t2c","ALREADY OBSOLETE","Inactive; no retained execution history.","","None — already off. Confirm no scenario chains into it before deleting.","P3 — legacy","",""
"430250","עדכון מקור בשדה חדש","ארכיון","inactive","pipedrive:ListDeals","{""type"":""indefinitely"",""interval"":900}","pipedrive sheets","no","0","0","","","","","0","2022-10-19T05:17:26.725Z","","","ALREADY OBSOLETE","Inactive; no retained execution history.","","None — already off. Confirm no scenario chains into it before deleting.","P3 — legacy","",""
"430259","עובר כל יום על השיבוצים ביומן ומעדכן לפייפדרייב ולאיירטייבל","ארכיון","inactive","airtable:ActionSearchRecords","{""time"":""01:00"",""type"":""daily""}","pipedrive airtable calendar","no","0","0","","","","","0","2024-01-29T09:45:11.121Z","","bpxeej2ojsw3t4syms2nfnhj68puoiu5 zn5ol0fanfyhev5yq7luxxlnar8mas3d qyw6h317896t8zywhn3ih8txy7a8kwwb","ALREADY OBSOLETE","Inactive; no retained execution history.","","None — already off. Confirm no scenario chains into it before deleting.","P3 — legacy","",""
"430252","שליחת וואטסאפ חד פעמי - מצב בטחוני","ארכיון","inactive","pipedrive:ListDeals","{""type"":""indefinitely"",""interval"":900}","pipedrive whatsapp","YES","0","0","","","","","0","2022-10-19T05:17:26.725Z","","hu5r0ix1jlwcj8bi2gq6mtsf9ennq1h8 8l77g8t16kai5onbgy16zumuhp9c4t2c","ALREADY OBSOLETE","Inactive; no retained execution history.","","None — already off. Confirm no scenario chains into it before deleting.","P3 — legacy","",""
"430296","תזכורות למדריכים יום אחרי פעילות","ארכיון","inactive","pipedrive:ListDeals","{""time"":""09:00"",""type"":""daily""}","pipedrive airtable whatsapp","YES","0","0","","","","","0","2022-10-19T05:17:26.725Z","","qyw6h317896t8zywhn3ih8txy7a8kwwb","ALREADY OBSOLETE","Inactive; no retained execution history.","","None — already off. Confirm no scenario chains into it before deleting.","P3 — legacy","",""
"430272","תזכורות למדריכים לקראת פעילות","ארכיון","inactive","pipedrive:ListDeals","{""time"":""09:00"",""type"":""daily""}","pipedrive airtable whatsapp","YES","0","0","","","","","0","2022-10-19T05:17:26.725Z","","qyw6h317896t8zywhn3ih8txy7a8kwwb","ALREADY OBSOLETE","Inactive; no retained execution history.","","None — already off. Confirm no scenario chains into it before deleting.","P3 — legacy","",""
"889158","לאנדוליני לקוח - מילוי טופס הרשמה לסיור u88fvsgtaqhk5qgdh9fpy8oalwc95vty","דיל עבר לוון","active (live)","gateway:CustomWebHook","{""type"":""immediately""}","pipedrive airtable gmail calendar whatsapp http","YES","50","0","0","2026-07-31T05:22:38.234Z","","","0","2026-03-23T14:48:41.523Z","https://hook.us1.make.com/u88fvsgtaqhk5qgdh9fpy8oalwc95vty","bpxeej2ojsw3t4syms2nfnhj68puoiu5 zn5ol0fanfyhev5yq7luxxlnar8mas3d oln3w9tk9477x05vaquyy4yplyarc142","KEEP TEMPORARILY","Live, and duplicated by a GOS surface that is also live — double-send risk to a real recipient.","Confirmation Email module","Verify GOS-side parity (recipients + content), then disable one at a time per Phase 1 and watch 48h.","P1","",""
"889252","פתח תיקיה בגוגל דרייב","דיל עבר לוון","active (live)","gateway:CustomWebHook","{""type"":""immediately""}","pipedrive airtable drive","no","50","0","0","2026-07-31T05:22:04.302Z","","","0","2025-08-25T09:31:41.889Z","https://hook.us1.make.com/b2gdbr2omch67rs6sspq3ll48cmj55ai","bpxeej2ojsw3t4syms2nfnhj68puoiu5 zn5ol0fanfyhev5yq7luxxlnar8mas3d oln3w9tk9477x05vaquyy4yplyarc142","KEEP TEMPORARILY","Live, and duplicated by a GOS surface that is also live.","GOS Files / Tour Gallery","Verify GOS-side parity (recipients + content), then disable one at a time per Phase 1 and watch 48h.","P2","",""
"1015939","שליחת וואצאפ חוגגים סגירות אחרי וון","דיל עבר לוון","active (live)","gateway:CustomWebHook","{""type"":""immediately""}","pipedrive airtable gmail whatsapp","YES","50","0","0","2026-07-30T10:40:37.089Z","","","0","2026-05-06T15:52:46.425Z","https://hook.us1.make.com/wxj8mhklqrj4ljkepwvrieto4nknft5t","bpxeej2ojsw3t4syms2nfnhj68puoiu5 zn5ol0fanfyhev5yq7luxxlnar8mas3d oln3w9tk9477x05vaquyy4yplyarc142","KEEP TEMPORARILY","Live, and duplicated by a GOS surface that is also live — double-send risk to a real recipient.","Admin Report #26 (deal WON)","Verify GOS-side parity (recipients + content), then disable one at a time per Phase 1 and watch 48h.","P2","",""
"1651940","שליחת מסר לאחר WON p7agxxa1tqont84rumkfu3jgql6tuoix","דיל עבר לוון","active (live)","gateway:CustomWebHook","{""type"":""immediately""}","pipedrive http","no","50","0","0","2026-07-30T10:40:36.767Z","","","0","2026-02-26T16:21:02.504Z","https://hook.us1.make.com/p7agxxa1tqont84rumkfu3jgql6tuoix","xgz3lsdayon0sgxjlui5aooh0lqnh82j bpxeej2ojsw3t4syms2nfnhj68puoiu5 zn5ol0fanfyhev5yq7luxxlnar8mas3d oln3w9tk9477x05vaquyy4yplyarc142","KEEP TEMPORARILY","Live, and duplicated by a GOS surface that is also live.","Admin Report #26 + Confirmation Email module","Verify GOS-side parity (recipients + content), then disable one at a time per Phase 1 and watch 48h.","P2","",""
"1889926","הוצאת חשבונית עסקה לאחר סגירה","דיל עבר לוון","active (live)","gateway:CustomWebHook","{""type"":""immediately""}","pipedrive airtable icount http","no","48","0","0","2026-07-31T05:26:55.045Z","","","1","2026-05-19T05:56:43.494Z","https://hook.us1.make.com/g1bx3ntjtq6cgylck6yn2fomxqp9rdvh","bpxeej2ojsw3t4syms2nfnhj68puoiu5 zn5ol0fanfyhev5yq7luxxlnar8mas3d oln3w9tk9477x05vaquyy4yplyarc142","KEEP TEMPORARILY","Live, and duplicated by a GOS surface that is also live.","Native iCount module","Verify GOS-side parity (recipients + content), then disable one at a time per Phase 1 and watch 48h.","P1","",""
"965408","עדכון בדיל טופס הרשמה לסיור  e3wey951dfxns5fdm2at7yvs11k8tkmp","דיל עבר לוון","active (live)","gateway:CustomWebHook","{""type"":""immediately""}","pipedrive airtable gmail http","YES","48","2","4","2026-07-31T05:22:07.118Z","2026-07-14T13:00:34.399Z","429: daily request budget exceeded (Please check developers.pipedrive.com)","0","2026-04-27T06:04:20.076Z","https://hook.us1.make.com/e3wey951dfxns5fdm2at7yvs11k8tkmp","u88fvsgtaqhk5qgdh9fpy8oalwc95vty e3wey951dfxns5fdm2at7yvs11k8tkmp bpxeej2ojsw3t4syms2nfnhj68puoiu5 zn5ol0fanfyhev5yq7luxxlnar8mas3d oln3w9tk9477x05vaquyy4yplyarc142","KEEP TEMPORARILY","Live, and duplicated by a GOS surface that is also live — double-send risk to a real recipient.","Confirmation Email module","Verify GOS-side parity (recipients + content), then disable one at a time per Phase 1 and watch 48h.","P1","",""
"4602660","הוצאת חשבונית עסקה לאחר סגירה 2","דיל עבר לוון","active (live)","scenario-service:StartSubscenario","{""type"":""on-demand""}","airtable gmail","YES","37","1","3","2026-07-28T14:55:39.810Z","2026-07-15T08:00:38.309Z","Validation failed for 1 parameter(s).","0","2026-03-12T09:39:35.764Z","","","KEEP TEMPORARILY","Live, and duplicated by a GOS surface that is also live — double-send risk to a real recipient.","Native iCount module","Verify GOS-side parity (recipients + content), then disable one at a time per Phase 1 and watch 48h.","P1","",""
"1899057","עדכון שולם מהפייפ לאיירטייבל","דיל עבר לוון","active (live)","gateway:CustomWebHook","{""type"":""immediately""}","airtable","no","30","0","0","2026-08-02T07:10:18.535Z","","","0","2024-01-29T09:45:08.887Z","https://hook.us1.make.com/p3z6x7qhga8ggjh0s8i89omab38ty4dm","","KEEP TEMPORARILY","Live, and duplicated by a GOS surface that is also live.","GOS payment state (Airtable retired)","Verify GOS-side parity (recipients + content), then disable one at a time per Phase 1 and watch 48h.","P3","",""
"440477","רכישה מהאתר > מייל אישור > עדכון ליומן > הוצאת קבלה > עדכון לפייפדרייב","דיל עבר לוון","active (live)","gateway:CustomWebHook","{""type"":""immediately"",""maximum_runs_per_minute"":null}","pipedrive airtable gmail calendar woo icount http","YES","27","0","0","2026-07-30T10:39:56.359Z","","","0","2026-05-06T10:19:25.801Z","https://hook.us1.make.com/bnpdlb34o6ryov1v1utl817q693jw98y","ghjtyty8vdyjcbh886yap3jj0wqtg20w bpxeej2ojsw3t4syms2nfnhj68puoiu5 zn5ol0fanfyhev5yq7luxxlnar8mas3d oln3w9tk9477x05vaquyy4yplyarc142","KEEP TEMPORARILY","Live, and duplicated by a GOS surface that is also live — double-send risk to a real recipient.","Confirmation Email + Calendar sync + iCount + ingress","Verify GOS-side parity (recipients + content), then disable one at a time per Phase 1 and watch 48h.","P1","",""
"728643","טופס עדכון סיור לפייפ 7 ixqlleyrtoxql7matrs1m5ueznq3h5s","דיל עבר לוון","active (live)","gateway:CustomWebHook","{""type"":""immediately""}","pipedrive airtable http","no","9","0","0","2026-07-28T07:55:50.157Z","","","0","2025-04-27T11:10:46.101Z","https://hook.us1.make.com/7ixqlleyrtoxql7matrs1m5ueznq3h5s","p7agxxa1tqont84rumkfu3jgql6tuoix bpxeej2ojsw3t4syms2nfnhj68puoiu5 zn5ol0fanfyhev5yq7luxxlnar8mas3d oln3w9tk9477x05vaquyy4yplyarc142","KEEP TEMPORARILY","Live with recent executions and no verified GOS replacement identified.","","Determine the owning domain and whether GOS covers it before disabling.","P2 — operational","",""
"430322","רכישת שובר מתנה > מייצר קופון ושולח במייל + מעדכן פייפדרייב","דיל עבר לוון","active (no recent runs)","gateway:CustomWebHook","{""type"":""immediately"",""interval"":900}","pipedrive airtable gmail drive docs woo","YES","0","0","","","","","0","2024-03-18T08:12:45.032Z","https://hook.us1.make.com/eyjc1xynglma9nbuzktlv9nrq9njp3dw","","NEEDS MANUAL REVIEW","ACTIVE but zero executions in the retained log window — cannot distinguish ""no traffic"" from ""silently broken"". Purpose not inferred from the name.","","Confirm with the business whether this path is still expected to carry traffic.","P2 — operational","",""
"3648282","שליחה חוזרת להזמנות באתר","דיל עבר לוון","active (no recent runs)","gateway:CustomWebHook","{""type"":""immediately""}","airtable woo http","no","0","0","","","","","0","2026-05-06T16:01:54.028Z","https://hook.us1.make.com/va7bjya8sob2h0i4ovhpn43tk0ufln49","bnpdlb34o6ryov1v1utl817q693jw98y","NEEDS MANUAL REVIEW","ACTIVE but zero executions in the retained log window — cannot distinguish ""no traffic"" from ""silently broken"". Purpose not inferred from the name.","","Confirm with the business whether this path is still expected to carry traffic.","P2 — operational","",""
"430740","נסגר 28.3 דיל הפך לוון > שליחת נקודת מפגש בוואטסאפ (wassenger)","דיל עבר לוון","inactive","gateway:CustomMailHook","{""type"":""immediately"",""interval"":900}","pipedrive airtable gmail whatsapp","YES","0","0","","","","","0","2024-03-28T13:29:15.242Z","zsfkq9ns7jlx7nfq2hlwuh45xsmpyvht@hook.us1.make.com","bpxeej2ojsw3t4syms2nfnhj68puoiu5 zn5ol0fanfyhev5yq7luxxlnar8mas3d oln3w9tk9477x05vaquyy4yplyarc142","ALREADY OBSOLETE","Inactive; no retained execution history.","","None — already off. Confirm no scenario chains into it before deleting.","P3 — legacy","",""
"1651844","עדכון המוצרים בין הפייפ לאיירטייבל","היסטוריה","inactive","pipedrive:ListProducts","{""type"":""indefinitely"",""interval"":900}","pipedrive airtable","no","0","0","","","","","0","2023-11-14T19:38:29.575Z","","","ALREADY OBSOLETE","Inactive; no retained execution history.","","None — already off. Confirm no scenario chains into it before deleting.","P3 — legacy","",""
"892358","עדכון מוצר היסטורי","היסטוריה","inactive","pipedrive:ListDeals","{""type"":""indefinitely"",""interval"":900}","pipedrive airtable","no","0","0","","","","","0","2023-05-23T06:20:16.028Z","","bpxeej2ojsw3t4syms2nfnhj68puoiu5 zn5ol0fanfyhev5yq7luxxlnar8mas3d oln3w9tk9477x05vaquyy4yplyarc142","ALREADY OBSOLETE","Inactive; no retained execution history.","","None — already off. Confirm no scenario chains into it before deleting.","P3 — legacy","",""
"4447721","בדיקה אם איש קשר קיים בפייפ ושליחה לאיירטייבל","הכנסת תוכן וואצאפ לדיל","active (live)","gateway:CustomWebHook","{""type"":""immediately"",""maximum_runs_per_minute"":null}","pipedrive airtable gmail","YES","50","0","0","2026-07-26T14:09:19.973Z","","","0","2025-12-08T18:36:56.953Z","https://hook.us1.make.com/7izr7fcey6rn2r08er73k1xshl91rd52","","KEEP TEMPORARILY","Live with recent executions and no verified GOS replacement identified.","","Determine the owning domain and whether GOS covers it before disabling.","P2 — operational","",""
"4345044","הכנסת התכתבות וואצאפ לדיל","הכנסת תוכן וואצאפ לדיל","active (live)","airtable:ActionSearchRecords","{""type"":""indefinitely"",""interval"":21600,""restrict"":[{""days"":[1,2,3,4,5,6,0],""time"":[""06:30"",""21:00""],""months"":[1,2,3,4,5,6,7,8,9,10,11,12]}]}","pipedrive airtable gmail","YES","50","0","0","2026-08-03T15:30:06.024Z","","","0","2026-05-24T14:51:31.665Z","","bpxeej2ojsw3t4syms2nfnhj68puoiu5 zn5ol0fanfyhev5yq7luxxlnar8mas3d oln3w9tk9477x05vaquyy4yplyarc142","KEEP TEMPORARILY","Live with recent executions and no verified GOS replacement identified.","","Determine the owning domain and whether GOS covers it before disabling.","P2 — operational","",""
"4359629","הקמת איש קשר בפייפ","הכנסת תוכן וואצאפ לדיל","active (live)","gateway:CustomWebHook","{""type"":""immediately""}","pipedrive airtable http","no","50","1","2","2026-07-28T06:35:28.595Z","2026-07-14T16:50:49.097Z","Error: 500 Internal Server Error","0","2026-04-13T16:05:40.779Z","https://hook.us1.make.com/hgesid9rlyyxkjzepa1m7x0s2buvmj7e","ktl4gj73k8pm2kv3bjapgre35khch2cv","KEEP TEMPORARILY","Live with recent executions and no verified GOS replacement identified.","","Determine the owning domain and whether GOS covers it before disabling.","P2 — operational","",""
"4548217","מחיקת דטא לאחר שבוע שלא הוקם איש קשר בפייפ","הכנסת תוכן וואצאפ לדיל","active (live)","gateway:CustomWebHook","{""type"":""immediately"",""maximum_runs_per_minute"":null}","airtable","no","50","0","0","2026-08-01T21:04:28.183Z","","","0","2026-02-08T10:20:44.374Z","https://hook.us1.make.com/3ecnuemsjglwvc0ze6uez9msk7l7cjdu","","KEEP TEMPORARILY","Live, and duplicated by a GOS surface that is also live.","none — Airtable housekeeping, Airtable retired","Verify GOS-side parity (recipients + content), then disable one at a time per Phase 1 and watch 48h.","P3","",""
"4357153","מחיקת הדטא הודעות וואצאפ","הכנסת תוכן וואצאפ לדיל","active (live)","airtable:ActionSearchRecords","{""time"":""23:59"",""type"":""daily""}","airtable","no","33","0","0","2026-08-02T20:59:04.454Z","","","0","2025-10-23T09:10:57.311Z","","","KEEP TEMPORARILY","Live, and duplicated by a GOS surface that is also live.","none — Airtable housekeeping","Verify GOS-side parity (recipients + content), then disable one at a time per Phase 1 and watch 48h.","P3","",""
"1830833","הוספת הערה בדיל במוצר","הצעת מחיר","inactive+INVALID","gateway:CustomWebHook","{""type"":""immediately""}","pipedrive","no","49","1","2","2026-07-31T07:05:12.438Z","2026-07-31T07:05:12.438Z","429: daily request budget exceeded (Please check developers.pipedrive.com)","0","2024-01-11T09:16:56.093Z","https://hook.us1.make.com/u2hycv09966c3ym4ujzdl3vhyveayo9l","","NEEDS MANUAL REVIEW","Auto-deactivated by Make on 2026-07-30..08-02 after repeated Pipedrive 429 ""daily request budget exceeded"" errors. NOT a deliberate decision.","varies — see audit Part 7","Owner decides restore-vs-retire per row AFTER the Pipedrive API budget incident is resolved.","P1 — customer/payment/accounting","",""
"1443901","הצעת מחיר","הצעת מחיר","active (live)","gateway:CustomWebHook","{""type"":""immediately"",""maximum_runs_per_minute"":null}","pipedrive airtable gmail whatsapp prospero http","YES","44","1","2","2026-07-28T06:40:34.843Z","2026-07-14T16:44:02.236Z","429: daily request budget exceeded (Please check developers.pipedrive.com)","0","2026-04-23T13:59:01.086Z","https://hook.us1.make.com/cycsbjeyktnofk74nf45ua4biydetayt","bpxeej2ojsw3t4syms2nfnhj68puoiu5 zn5ol0fanfyhev5yq7luxxlnar8mas3d oln3w9tk9477x05vaquyy4yplyarc142","KEEP TEMPORARILY","Live, and duplicated by a GOS surface that is also live — double-send risk to a real recipient.","Quote module","Verify GOS-side parity (recipients + content), then disable one at a time per Phase 1 and watch 48h.","P2","",""
"1817282","לאחר החתימה על ההצעה","הצעת מחיר","active (live)","prospero:signedProposals","{""type"":""immediately""}","pipedrive gmail prospero","YES","21","0","0","2026-07-29T17:22:02.140Z","","","0","2025-11-24T17:15:42.525Z","https://hook.us1.make.com/ipge89vxvv5mnhocypqak1c41itajkd2","bpxeej2ojsw3t4syms2nfnhj68puoiu5 zn5ol0fanfyhev5yq7luxxlnar8mas3d oln3w9tk9477x05vaquyy4yplyarc142","KEEP TEMPORARILY","Live, and duplicated by a GOS surface that is also live — double-send risk to a real recipient.","Quote module","Verify GOS-side parity (recipients + content), then disable one at a time per Phase 1 and watch 48h.","P2","",""
"4453116","הקמת מוצר חדש בפייפ לאיירטייבל","הצעת מחיר","active (live)","pipedrive:NewProductEvent","{""type"":""immediately"",""maximum_runs_per_minute"":null}","pipedrive airtable","no","2","0","0","2026-07-22T07:25:02.294Z","","","0","2025-12-10T15:13:19.033Z","https://hook.us1.make.com/7ml61x771mq6r4mk3yrsuo71mitpyy17","","KEEP TEMPORARILY","Live with recent executions and no verified GOS replacement identified.","","Determine the owning domain and whether GOS covers it before disabling.","P2 — operational","",""
"430340","[טופל] הוצאת הצעת מחיר חוזרת מפייפדרייב לאייקאונט + שליחה ללקוח","הצעת מחיר","active (no recent runs)","gateway:CustomWebHook","{""type"":""immediately""}","pipedrive airtable gmail icount http","YES","0","0","","","","","0","2024-01-29T09:42:39.007Z","https://hook.us1.make.com/0wr59rwerxp2l3arwwghqhyaiwlzcu9i","hu5r0ix1jlwcj8bi2gq6mtsf9ennq1h8 8l77g8t16kai5onbgy16zumuhp9c4t2c","NEEDS MANUAL REVIEW","ACTIVE but zero executions in the retained log window — cannot distinguish ""no traffic"" from ""silently broken"". Purpose not inferred from the name.","","Confirm with the business whether this path is still expected to carry traffic.","P2 — operational","",""
"3252574","ביטול סיור חשיפה בקוגניטו","חשיפה","active (live)","gateway:CustomWebHook","{""type"":""immediately""}","airtable cognito","no","11","0","0","2026-07-29T13:47:21.352Z","","","0","2024-10-22T10:20:37.960Z","https://hook.us1.make.com/49fde9u4brwt4c3ud3zuba6pvw34uhcr","","KEEP TEMPORARILY","Live with recent executions and no verified GOS replacement identified.","","Determine the owning domain and whether GOS covers it before disabling.","P2 — operational","",""
"3162997","העברת לתשלום מהרשמה לסיור חשיפה","חשיפה","active (no recent runs)","gateway:CustomWebHook","{""type"":""immediately""}","pipedrive airtable cognito http","no","0","0","","","","","0","2025-09-18T06:43:55.629Z","https://hook.us1.make.com/kurrs17j9qqtyaipm2a4pil6akq6y28s","ktl4gj73k8pm2kv3bjapgre35khch2cv mfvl5zrrgp8s0euqshd39z6fcyat1l6m oln3w9tk9477x05vaquyy4yplyarc142 bpxeej2ojsw3t4syms2nfnhj68puoiu5 zn5ol0fanfyhev5yq7luxxlnar8mas3d","KEEP ACTIVE","Protected lead-intake dependency — this is the only path these leads have into GOS.","GOS website_form ingress — NOT credentialed (WEBSITE_FORM_SECRET unset)","Set WEBSITE_FORM_SECRET; fix adapter gaps G1/G2/G3/G4; repoint the form; prove 14 days of parity. Retire Find/Create UTM LAST, pipe4u second-to-last.","P0 — lead loss","",""
"3106389","הקמת סיורי חשיפה","חשיפה","active (no recent runs)","cognitoforms:watchForNewEntries","{""type"":""immediately""}","airtable gmail whatsapp cognito bitly","YES","0","0","","","","","0","2025-02-05T19:41:52.870Z","https://hook.us1.make.com/qwes5nnbm42n12g78oqgxr302bncsoie","","NEEDS MANUAL REVIEW","ACTIVE but zero executions in the retained log window — cannot distinguish ""no traffic"" from ""silently broken"". Purpose not inferred from the name.","","Confirm with the business whether this path is still expected to carry traffic.","P2 — operational","",""
"3314785","וון על דיל שמקושר לדילים נוספים","חשיפה","active (no recent runs)","gateway:CustomWebHook","{""type"":""immediately""}","pipedrive","no","0","0","","","","","0","2025-12-17T10:05:31.125Z","https://hook.us1.make.com/8kfaywoyjiby7nuyjr0os2xkwaf5yrxr","bpxeej2ojsw3t4syms2nfnhj68puoiu5 zn5ol0fanfyhev5yq7luxxlnar8mas3d oln3w9tk9477x05vaquyy4yplyarc142","NEEDS MANUAL REVIEW","ACTIVE but zero executions in the retained log window — cannot distinguish ""no traffic"" from ""silently broken"". Purpose not inferred from the name.","","Confirm with the business whether this path is still expected to carry traffic.","P2 — operational","",""
"4069207","סטטוס משתתפים בסיור חשיפה - מלאי","חשיפה","inactive","gateway:CustomWebHook","{""type"":""immediately""}","airtable cognito","no","0","0","","","","","0","2025-06-19T14:00:36.824Z","https://hook.us1.make.com/9nvpmqj22fsr4wder5gyb1nemjpyrofg","","ALREADY OBSOLETE","Inactive; no retained execution history.","","None — already off. Confirm no scenario chains into it before deleting.","P3 — legacy","",""
"4509531","טריגר וובהוק","טריגרים לאוטומציה","inactive","gateway:CustomWebHook","{""type"":""immediately""}","","no","0","0","","","","","0","2026-01-18T08:13:41.797Z","https://hook.us1.make.com/zesgnv1ifec0dvwksjavxmgihtyf5re8","","ALREADY OBSOLETE","Inactive; no retained execution history.","","None — already off. Confirm no scenario chains into it before deleting.","P3 — legacy","",""
"4509524","טריגר לאוטומציה - מיידי פייסבוק","טריגרים לאוטומציה","inactive","facebook-lead-ads:NewLeadMultiple","{""type"":""immediately""}","facebook","no","0","0","","","","","0","2026-01-18T07:56:29.648Z","","","ALREADY OBSOLETE","Inactive; no retained execution history.","","None — already off. Confirm no scenario chains into it before deleting.","P3 — legacy","",""
"4509527","טריגר לאוטומציה  - פייסבוק חיפוש","טריגרים לאוטומציה","inactive","facebook-lead-ads:WatchLeads","{""type"":""indefinitely"",""interval"":900}","facebook","no","0","0","","","","","0","2026-01-18T07:56:53.945Z","","","ALREADY OBSOLETE","Inactive; no retained execution history.","","None — already off. Confirm no scenario chains into it before deleting.","P3 — legacy","",""
"3018034","טופס השתתפות","כללי","active (no recent runs)","cognitoforms:watchForNewEntries","{""type"":""immediately""}","smoove cognito","YES","0","0","","","","","0","2024-08-27T06:52:36.340Z","https://hook.us1.make.com/3i3lvw7758ldeo7dgdj8rmq7p8ah333i","","NEEDS MANUAL REVIEW","ACTIVE but zero executions in the retained log window — cannot distinguish ""no traffic"" from ""silently broken"". Purpose not inferred from the name.","","Confirm with the business whether this path is still expected to carry traffic.","P2 — operational","",""
"698867","בכל דיל חדש הוסף לינקים לטפסים - לאנדוליני","לאנדוליני: אוטומציות חדשות","active (live)","gateway:CustomWebHook","{""type"":""immediately""}","pipedrive","no","50","0","0","2026-08-03T12:16:41.072Z","","","0","2026-05-05T15:44:48.667Z","https://hook.us1.make.com/z7wlv71kel1iif9ycwhm26zzn7xbzrg7","bpxeej2ojsw3t4syms2nfnhj68puoiu5 zn5ol0fanfyhev5yq7luxxlnar8mas3d","KEEP TEMPORARILY","Live with recent executions and no verified GOS replacement identified.","","Determine the owning domain and whether GOS covers it before disabling.","P2 — operational","",""
"2125961","הרכבת מסר / תוכן","לאנדוליני: אוטומציות חדשות","active (live)","gateway:CustomWebHook","{""type"":""immediately"",""maximum_runs_per_minute"":null}","pipedrive airtable gmail whatsapp bitly","YES","50","0","0","2026-08-03T05:01:11.080Z","","","0","2026-02-23T06:29:04.432Z","https://hook.us1.make.com/xgz3lsdayon0sgxjlui5aooh0lqnh82j","xgz3lsdayon0sgxjlui5aooh0lqnh82j bpxeej2ojsw3t4syms2nfnhj68puoiu5 zn5ol0fanfyhev5yq7luxxlnar8mas3d oln3w9tk9477x05vaquyy4yplyarc142","KEEP TEMPORARILY","Live, and duplicated by a GOS surface that is also live — double-send risk to a real recipient.","Communication Center content assembly","Verify GOS-side parity (recipients + content), then disable one at a time per Phase 1 and watch 48h.","P1","",""
"830264","מדיל לטופס פילאאוט pre fill","לאנדוליני: אוטומציות חדשות","active (live)","gateway:CustomWebHook","{""type"":""immediately""}","pipedrive airtable","no","50","5","10","2026-07-31T11:27:41.819Z","2026-07-31T11:27:41.819Z","429: daily request budget exceeded (Please check developers.pipedrive.com)","0","2024-04-10T11:28:18.925Z","https://hook.us1.make.com/bpxeej2ojsw3t4syms2nfnhj68puoiu5","bpxeej2ojsw3t4syms2nfnhj68puoiu5 zn5ol0fanfyhev5yq7luxxlnar8mas3d oln3w9tk9477x05vaquyy4yplyarc142","KEEP TEMPORARILY","Live with recent executions and no verified GOS replacement identified.","","Determine the owning domain and whether GOS covers it before disabling.","P2 — operational","",""
"1411537","סגירת משימות אוטומטיות אחרי וון","לאנדוליני: אוטומציות חדשות","active (live)","gateway:CustomWebHook","{""type"":""immediately""}","pipedrive","no","50","0","0","2026-07-30T10:40:36.591Z","","","0","2023-10-03T11:35:45.118Z","https://hook.us1.make.com/xfevay47yhu868jq4emjp33j3jvkw1ud","","KEEP TEMPORARILY","Live, and duplicated by a GOS surface that is also live.","GOS CRM Tasks","Verify GOS-side parity (recipients + content), then disable one at a time per Phase 1 and watch 48h.","P2","",""
"4131369","פתיחת תיקייה בגוגל דרייב לסיורים כל יום","לאנדוליני: אוטומציות חדשות","active (live)","airtable:ActionSearchRecords","{""time"":""05:59"",""type"":""daily""}","pipedrive airtable drive","no","34","0","0","2026-08-03T02:59:05.966Z","","","0","2025-08-12T14:38:06.290Z","","","KEEP TEMPORARILY","Live, and duplicated by a GOS surface that is also live.","GOS Files / Tour Gallery","Verify GOS-side parity (recipients + content), then disable one at a time per Phase 1 and watch 48h.","P2","",""
"799554","דיל פתוח ללא משימה מקבל משימה בחצות","לאנדוליני: אוטומציות חדשות","inactive+INVALID","pipedrive:ListDeals","{""time"":""00:00"",""type"":""daily""}","pipedrive","no","30","2","7","2026-07-30T21:00:06.154Z","2026-07-30T21:00:06.154Z","429: daily request budget exceeded (Please check developers.pipedrive.com)","0","2023-03-20T04:19:52.690Z","","","NEEDS MANUAL REVIEW","Auto-deactivated by Make on 2026-07-30..08-02 after repeated Pipedrive 429 ""daily request budget exceeded"" errors. NOT a deliberate decision.","varies — see audit Part 7","Owner decides restore-vs-retire per row AFTER the Pipedrive API budget incident is resolved.","P1 — customer/payment/accounting","",""
"4131439","שליחת הודעות מתוזמנות ב8 בבוקר","לאנדוליני: אוטומציות חדשות","active (live)","datastore:SearchRecord","{""days"":[1,2,3,4,5,0],""time"":""08:01"",""type"":""weekly""}","pipedrive airtable http","no","14","1","7","2026-08-03T05:01:04.924Z","2026-08-02T05:01:03.884Z","429: daily request budget exceeded (Please check developers.pipedrive.com)","0","2025-07-13T11:18:27.254Z","","xgz3lsdayon0sgxjlui5aooh0lqnh82j","KEEP TEMPORARILY","Live with recent executions and no verified GOS replacement identified.","","Determine the owning domain and whether GOS covers it before disabling.","P2 — operational","",""
"1445570","טופס משוב - ניסיונות לשיחות","לאנדוליני: אוטומציות חדשות","active (live)","fillout:newSubmission","{""type"":""immediately""}","airtable fillout","no","13","10","77","2026-07-26T06:09:51.656Z","2026-07-26T06:09:51.656Z","Request path contains unescaped characters. URL: https://api.airtable.com/v0/apprCVcUYhZeIYRJB/tbl1JaGS5oKRIkJ","0","2024-01-29T09:42:52.517Z","https://hook.us1.make.com/ynmsrecc9m1nw4v5hey2d5t5rofx7n72","","KEEP TEMPORARILY","Live with recent executions and no verified GOS replacement identified.","","Determine the owning domain and whether GOS covers it before disabling.","P2 — operational","",""
"964304","הקמת מוצר חדש מעדכן מזהה בפייפ","לאנדוליני: אוטומציות חדשות","active (live)","pipedrive:NewProductEvent","{""type"":""immediately""}","pipedrive airtable gmail","YES","2","0","0","2026-07-22T07:25:02.475Z","","","0","2024-05-19T08:12:39.634Z","https://hook.us1.make.com/tibef8wlj3onrklnp0x1gsg793oqgsg5","","KEEP TEMPORARILY","Live with recent executions and no verified GOS replacement identified.","","Determine the owning domain and whether GOS covers it before disabling.","P2 — operational","",""
"430347","הוספת מוצר בווקומרס מוסיפה אותו בפייפדרייב ובאיירטייבל","לאנדוליני: אוטומציות חדשות","active (no recent runs)","gateway:CustomWebHook","{""type"":""immediately""}","pipedrive airtable gmail","YES","0","0","","","","","0","2024-02-13T08:20:48.001Z","https://hook.us1.make.com/oi7h0k79yk6y1tlye6w5xboye924xe6k","","NEEDS MANUAL REVIEW","ACTIVE but zero executions in the retained log window — cannot distinguish ""no traffic"" from ""silently broken"". Purpose not inferred from the name.","","Confirm with the business whether this path is still expected to carry traffic.","P2 — operational","",""
"1449188","המשך טיפול לאחר שיחת משוב","לאנדוליני: אוטומציות חדשות","active (no recent runs)","gateway:CustomWebHook","{""type"":""immediately""}","airtable gmail whatsapp http","YES","0","0","","","","","0","2025-08-24T06:27:14.176Z","https://hook.us1.make.com/c2kak9py8273iiub8kc9m5wjckwjc4ie","ktl4gj73k8pm2kv3bjapgre35khch2cv yecjljo969ld2lpkgylfg6dgubwzsulu","KEEP ACTIVE","Protected lead-intake dependency — this is the only path these leads have into GOS.","GOS website_form ingress — NOT credentialed (WEBSITE_FORM_SECRET unset)","Set WEBSITE_FORM_SECRET; fix adapter gaps G1/G2/G3/G4; repoint the form; prove 14 days of parity. Retire Find/Create UTM LAST, pipe4u second-to-last.","P0 — lead loss","",""
"704964","מטופס הוספת מדריך/מועמד חדש לאיירטייבל ולפייפ - לאנדוליני","לאנדוליני: אוטומציות חדשות","active (no recent runs)","gateway:CustomWebHook","{""type"":""immediately""}","pipedrive airtable","no","0","0","","","","","0","2024-01-29T09:44:30.266Z","https://hook.us1.make.com/n24j8ua6aetpwwsdoscssvpuf2mil2yp","","NEEDS MANUAL REVIEW","ACTIVE but zero executions in the retained log window — cannot distinguish ""no traffic"" from ""silently broken"". Purpose not inferred from the name.","","Confirm with the business whether this path is still expected to carry traffic.","P2 — operational","",""
"430292","לקוחות פרטיים ועסקיים (לא סוכנויות ומפיקים) - מייל+וואטסאפ חודש אחרי פעילות (wassenger)","להדליק אחרי המלחמה....","inactive+INVALID","pipedrive:ListDeals","{""time"":""13:00"",""type"":""daily""}","pipedrive http","YES","31","1","3","2026-07-31T10:00:25.711Z","2026-07-31T10:00:25.711Z","429: daily request budget exceeded (Please check developers.pipedrive.com)","0","2025-01-20T11:36:26.070Z","","xgz3lsdayon0sgxjlui5aooh0lqnh82j bpxeej2ojsw3t4syms2nfnhj68puoiu5 zn5ol0fanfyhev5yq7luxxlnar8mas3d oln3w9tk9477x05vaquyy4yplyarc142","NEEDS MANUAL REVIEW","Auto-deactivated by Make on 2026-07-30..08-02 after repeated Pipedrive 429 ""daily request budget exceeded"" errors. NOT a deliberate decision.","varies — see audit Part 7","Owner decides restore-vs-retire per row AFTER the Pipedrive API budget incident is resolved.","P1 — customer/payment/accounting","",""
"430274","לקוחות פרטיים - פולואפ 1 (אישי) בוואטסאפ - 10:00","להדליק אחרי המלחמה....","inactive+INVALID","pipedrive:ListDeals","{""time"":""10:00"",""type"":""daily""}","pipedrive whatsapp","YES","31","1","3","2026-07-31T07:00:06.263Z","2026-07-31T07:00:06.263Z","429: daily request budget exceeded (Please check developers.pipedrive.com)","4","2025-04-14T07:58:34.313Z","","","NEEDS MANUAL REVIEW","Auto-deactivated by Make on 2026-07-30..08-02 after repeated Pipedrive 429 ""daily request budget exceeded"" errors. NOT a deliberate decision.","varies — see audit Part 7","Owner decides restore-vs-retire per row AFTER the Pipedrive API budget incident is resolved.","P1 — customer/payment/accounting","",""
"430266","לקוחות פרטיים - פולואפ 2 (גנרי) בוואטסאפ","להדליק אחרי המלחמה....","inactive+INVALID","pipedrive:ListDeals","{""time"":""10:00"",""type"":""daily""}","pipedrive whatsapp","YES","31","1","3","2026-07-31T07:00:13.874Z","2026-07-31T07:00:13.874Z","429: daily request budget exceeded (Please check developers.pipedrive.com)","0","2025-02-23T10:12:45.874Z","","","NEEDS MANUAL REVIEW","Auto-deactivated by Make on 2026-07-30..08-02 after repeated Pipedrive 429 ""daily request budget exceeded"" errors. NOT a deliberate decision.","varies — see audit Part 7","Owner decides restore-vs-retire per row AFTER the Pipedrive API budget incident is resolved.","P1 — customer/payment/accounting","",""
"430262","לקוחות פרטיים - פולואפ 1 (אישי) בוואטסאפ - 16:00","להדליק אחרי המלחמה....","inactive+INVALID","pipedrive:ListDeals","{""time"":""16:00"",""type"":""daily""}","pipedrive whatsapp","YES","30","2","7","2026-07-31T13:00:11.531Z","2026-07-31T13:00:11.531Z","429: daily request budget exceeded (Please check developers.pipedrive.com)","1","2025-04-14T08:00:41.211Z","","","NEEDS MANUAL REVIEW","Auto-deactivated by Make on 2026-07-30..08-02 after repeated Pipedrive 429 ""daily request budget exceeded"" errors. NOT a deliberate decision.","varies — see audit Part 7","Owner decides restore-vs-retire per row AFTER the Pipedrive API budget incident is resolved.","P1 — customer/payment/accounting","",""
"440466","לקוחות פרטיים ועסקיים - מייל+וואטסאפ יומיים אחרי פעילות לאנשים נוספים שמילאו שאלון (wassenger)","להדליק אחרי המלחמה....","inactive","gateway:CustomWebHook","{""time"":""16:00"",""type"":""immediately""}","pipedrive airtable gmail sheets whatsapp","YES","0","0","","","","","0","2024-02-25T08:27:27.003Z","https://hook.us1.make.com/uih51pumjufpl3608qqg7y6rvnx774ka","qyw6h317896t8zywhn3ih8txy7a8kwwb","ALREADY OBSOLETE","Inactive; no retained execution history.","","None — already off. Confirm no scenario chains into it before deleting.","P3 — legacy","",""
"440472","לקוחות פרטיים - מייל+וואטסאפ יומיים אחרי פעילות (wassenger)","להדליק אחרי המלחמה....","inactive","pipedrive:ListDeals","{""time"":""16:00"",""type"":""daily""}","pipedrive woo http","YES","0","0","","","","","0","2025-03-26T10:06:22.650Z","","xgz3lsdayon0sgxjlui5aooh0lqnh82j 69hxwe4kn3f35ttqkj3ek257qc5kc7qj bpxeej2ojsw3t4syms2nfnhj68puoiu5 zn5ol0fanfyhev5yq7luxxlnar8mas3d oln3w9tk9477x05vaquyy4yplyarc142 qyw6h317896t8zywhn3ih8txy7a8kwwb","ALREADY OBSOLETE","Inactive; no retained execution history.","","None — already off. Confirm no scenario chains into it before deleting.","P3 — legacy","",""
"2034772","דיל הפך ללוסט-שליחה לסמוב","לוסטים ודחייה","active (live)","gateway:CustomWebHook","{""type"":""immediately""}","pipedrive whatsapp smoove","YES","50","0","0","2026-07-30T08:24:23.672Z","","","0","2025-12-09T14:50:49.643Z","https://hook.us1.make.com/xa6m9k4rj2mhsxi0og5tr2ifh3clogna","bpxeej2ojsw3t4syms2nfnhj68puoiu5 zn5ol0fanfyhev5yq7luxxlnar8mas3d oln3w9tk9477x05vaquyy4yplyarc142","KEEP TEMPORARILY","Live, and duplicated by a GOS surface that is also live — double-send risk to a real recipient.","Admin Reports + GOS deal status","Verify GOS-side parity (recipients + content), then disable one at a time per Phase 1 and watch 48h.","P2","",""
"1070979","לוסט לדיל לאחר 30 יום","לוסטים ודחייה","inactive+INVALID","pipedrive:ListDeals","{""time"":""23:00"",""type"":""daily""}","pipedrive","no","30","2","7","2026-07-30T20:00:10.279Z","2026-07-30T20:00:10.279Z","429: daily request budget exceeded (Please check developers.pipedrive.com)","0","2023-09-04T07:59:05.854Z","","","NEEDS MANUAL REVIEW","Auto-deactivated by Make on 2026-07-30..08-02 after repeated Pipedrive 429 ""daily request budget exceeded"" errors. NOT a deliberate decision.","varies — see audit Part 7","Owner decides restore-vs-retire per row AFTER the Pipedrive API budget incident is resolved.","P1 — customer/payment/accounting","",""
"1353334","לוסט לדיל עיסקי לאחר 60 יום","לוסטים ודחייה","inactive+INVALID","pipedrive:ListDeals","{""time"":""23:00"",""type"":""daily""}","pipedrive","no","30","2","7","2026-07-30T20:00:09.409Z","2026-07-30T20:00:09.409Z","429: daily request budget exceeded (Please check developers.pipedrive.com)","0","2023-09-04T07:56:19.630Z","","","NEEDS MANUAL REVIEW","Auto-deactivated by Make on 2026-07-30..08-02 after repeated Pipedrive 429 ""daily request budget exceeded"" errors. NOT a deliberate decision.","varies — see audit Part 7","Owner decides restore-vs-retire per row AFTER the Pipedrive API budget incident is resolved.","P1 — customer/payment/accounting","",""
"1160762","ביטול עסקה - לוסט","לוסטים ודחייה","active (live)","gateway:CustomWebHook","{""type"":""immediately"",""maximum_runs_per_minute"":null}","pipedrive airtable gmail calendar","YES","12","0","0","2026-07-29T13:46:59.029Z","","","0","2026-05-04T05:33:21.085Z","https://hook.us1.make.com/fja194nxogav0yc26ercdyfqpemhqohk","bpxeej2ojsw3t4syms2nfnhj68puoiu5 zn5ol0fanfyhev5yq7luxxlnar8mas3d oln3w9tk9477x05vaquyy4yplyarc142","KEEP TEMPORARILY","Live, and duplicated by a GOS surface that is also live — double-send risk to a real recipient.","GOS deal status","Verify GOS-side parity (recipients + content), then disable one at a time per Phase 1 and watch 48h.","P2","",""
"440482","עסקאות שהפכו ללוסט > עדכון לוואטסאפ (wassenger)","לוסטים ודחייה","active (live)","gateway:CustomMailHook","{""type"":""immediately"",""interval"":900}","pipedrive whatsapp","YES","7","0","0","2026-07-29T13:47:02.134Z","","","0","2025-06-19T06:03:57.646Z","9j8m7gbowjiy34y6hgju9agrxxp47og6@hook.us1.make.com","bpxeej2ojsw3t4syms2nfnhj68puoiu5 zn5ol0fanfyhev5yq7luxxlnar8mas3d oln3w9tk9477x05vaquyy4yplyarc142","KEEP TEMPORARILY","Live, and duplicated by a GOS surface that is also live — double-send risk to a real recipient.","GOS deal status + WhatsApp bridge","Verify GOS-side parity (recipients + content), then disable one at a time per Phase 1 and watch 48h.","P2","",""
"456768","דיל בפייפ הפך ללוסט- יקר מידי > וואטסאפ","לוסטים ודחייה","active (no recent runs)","gateway:CustomMailHook","{""type"":""immediately""}","pipedrive whatsapp","YES","0","0","","","","","0","2025-03-19T13:03:07.597Z","prbj81vsx71rei7s515osal9xden0sa1@hook.us1.make.com","","NEEDS MANUAL REVIEW","ACTIVE but zero executions in the retained log window — cannot distinguish ""no traffic"" from ""silently broken"". Purpose not inferred from the name.","","Confirm with the business whether this path is still expected to carry traffic.","P2 — operational","",""
"1586537","עדכון הלינק לרדיפה למילוי תאריך סיור","לוסטים ודחייה","active (no recent runs)","gateway:CustomWebHook","{""type"":""immediately""}","pipedrive airtable whatsapp","YES","0","0","","","","","0","2024-02-25T08:22:42.420Z","https://hook.us1.make.com/1t5ez2otu62atblw9z5cvxynb9s7rjf2","","NEEDS MANUAL REVIEW","ACTIVE but zero executions in the retained log window — cannot distinguish ""no traffic"" from ""silently broken"". Purpose not inferred from the name.","","Confirm with the business whether this path is still expected to carry traffic.","P2 — operational","",""
"430323","עסקאות שהפכו ללוסט > עדכון לוואטסאפ","לוסטים ודחייה","inactive","gateway:CustomMailHook","{""type"":""immediately"",""interval"":900}","pipedrive whatsapp","YES","0","0","","","","","0","2022-10-31T12:06:45.475Z","85exdxoodjj7wlms02fom6aqkyq0nhvg@hook.us1.make.com","","ALREADY OBSOLETE","Inactive; no retained execution history.","","None — already off. Confirm no scenario chains into it before deleting.","P3 — legacy","",""
"3897811","Find/Create UTM","לידים לפייפדרייב","active (live)","gateway:CustomWebHook","{""type"":""immediately""}","pipedrive","no","50","48","96","2026-08-03T12:16:37.267Z","2026-08-02T08:41:58.818Z","429: daily request budget exceeded (Please check developers.pipedrive.com)","0","2025-04-23T08:17:57.521Z","https://hook.us1.make.com/xy3psibg7ekve88ah28bv6c75tygy6ir","","KEEP ACTIVE","Protected lead-intake dependency — this is the only path these leads have into GOS.","GOS Ingress Platform (website_form) — code shipped, NOT credentialed","Set WEBSITE_FORM_SECRET; fix adapter gaps G1/G2/G3/G4; repoint the form; prove 14 days of parity. Retire Find/Create UTM LAST, pipe4u second-to-last.","P0 — lead loss","",""
"1069253","pipe4u","לידים לפייפדרייב","active (live)","gateway:CustomWebHook","{""type"":""immediately"",""maximum_runs_per_minute"":100}","pipedrive gmail whatsapp http","YES","50","48","96","2026-08-03T12:16:35.972Z","2026-08-02T08:41:47.503Z","Error: 500 Internal Server Error","0","2026-07-26T07:10:50.673Z","https://hook.us1.make.com/ktl4gj73k8pm2kv3bjapgre35khch2cv","xy3psibg7ekve88ah28bv6c75tygy6ir bpxeej2ojsw3t4syms2nfnhj68puoiu5 zn5ol0fanfyhev5yq7luxxlnar8mas3d oln3w9tk9477x05vaquyy4yplyarc142","KEEP ACTIVE","Protected lead-intake dependency — this is the only path these leads have into GOS.","GOS Ingress Platform (website_form) — code shipped, NOT credentialed","Set WEBSITE_FORM_SECRET; fix adapter gaps G1/G2/G3/G4; repoint the form; prove 14 days of parity. Retire Find/Create UTM LAST, pipe4u second-to-last.","P0 — lead loss","",""
"1989054","פרסון חדש בפייפ- הוספת לינק לצ'אט בווסנג'ר","לידים לפייפדרייב","inactive+INVALID","pipedrive:NewPersonEvent","{""type"":""immediately""}","pipedrive","no","49","1","2","2026-07-31T07:04:55.122Z","2026-07-31T07:04:55.122Z","429: daily request budget exceeded (Please check developers.pipedrive.com)","0","2024-09-05T12:22:39.700Z","https://hook.us1.make.com/gegxr7k94pmrlpmiubi4tvjphiwg8l74","","NEEDS MANUAL REVIEW","Auto-deactivated by Make on 2026-07-30..08-02 after repeated Pipedrive 429 ""daily request budget exceeded"" errors. NOT a deliberate decision.","varies — see audit Part 7","Owner decides restore-vs-retire per row AFTER the Pipedrive API budget incident is resolved.","P1 — customer/payment/accounting","",""
"430307","דף נחיתה אלמנטור > פייפדרייב","לידים לפייפדרייב","active (live)","gateway:CustomWebHook","{""type"":""immediately"",""interval"":900}","http","no","42","0","0","2026-08-03T12:16:35.825Z","","","3","2026-04-12T14:21:53.276Z","https://hook.us1.make.com/2katu8xl75ru2m19ig68wrp8nl2lucf5","ktl4gj73k8pm2kv3bjapgre35khch2cv","KEEP ACTIVE","Protected lead-intake dependency — this is the only path these leads have into GOS.","GOS website_form ingress — NOT credentialed (WEBSITE_FORM_SECRET unset)","Set WEBSITE_FORM_SECRET; fix adapter gaps G1/G2/G3/G4; repoint the form; prove 14 days of parity. Retire Find/Create UTM LAST, pipe4u second-to-last.","P0 — lead loss","",""
"430352","לידים מטופס פייסבוק קמפיין גרפיטי רימרקטינג > פייפדרייב","לידים לפייפדרייב","inactive+INVALID","facebook-lead-ads:NewLeadMultiple","{""type"":""immediately"",""maximum_runs_per_minute"":100}","gmail facebook http","YES","41","9","22","2026-08-01T08:56:31.556Z","2026-08-01T08:56:31.556Z","Error: 500 Internal Server Error","0","2026-07-26T05:28:46.841Z","","ktl4gj73k8pm2kv3bjapgre35khch2cv","NEEDS MANUAL REVIEW","Flagged isinvalid by Make (broken configuration). Inactive.","","Inspect in the Make UI to determine whether it was ever wanted.","P3 — legacy","",""
"430331","טופס עמוד צור קשר באתר > פייפדרייב + סמוב","לידים לפייפדרייב","active (live)","gateway:CustomWebHook","{""type"":""immediately""}","http","no","12","0","0","2026-07-26T11:39:42.757Z","","","0","2025-03-17T07:09:53.555Z","https://hook.us1.make.com/6ky8ly1bjwhut47v2tgxglbxfrdu549r","ktl4gj73k8pm2kv3bjapgre35khch2cv hu5r0ix1jlwcj8bi2gq6mtsf9ennq1h8","KEEP ACTIVE","Protected lead-intake dependency — this is the only path these leads have into GOS.","GOS website_form ingress — NOT credentialed (WEBSITE_FORM_SECRET unset)","Set WEBSITE_FORM_SECRET; fix adapter gaps G1/G2/G3/G4; repoint the form; prove 14 days of parity. Retire Find/Create UTM LAST, pipe4u second-to-last.","P0 — lead loss","",""
"430315","טופס בעמודי מוצר באתר > פייפדרייב","לידים לפייפדרייב","active (live)","gateway:CustomWebHook","{""type"":""immediately""}","http","no","7","0","0","2026-07-23T10:41:56.076Z","","","0","2025-03-17T07:04:51.691Z","https://hook.us1.make.com/zm8pt41206bf79xvovaip2gktqhiqyf3","ktl4gj73k8pm2kv3bjapgre35khch2cv hu5r0ix1jlwcj8bi2gq6mtsf9ennq1h8","KEEP ACTIVE","Protected lead-intake dependency — this is the only path these leads have into GOS.","GOS website_form ingress — NOT credentialed (WEBSITE_FORM_SECRET unset)","Set WEBSITE_FORM_SECRET; fix adapter gaps G1/G2/G3/G4; repoint the form; prove 14 days of parity. Retire Find/Create UTM LAST, pipe4u second-to-last.","P0 — lead loss","",""
"430317","Leads' Google form > Pipedrive","לידים לפייפדרייב","active (no recent runs)","gateway:CustomWebHook","{""type"":""immediately"",""interval"":900}","pipedrive gmail whatsapp","YES","0","0","","","","","0","2023-08-14T10:49:45.429Z","https://hook.us1.make.com/j7roubmgao3p7t6upwwk9cfnn6lp0oia","","NEEDS MANUAL REVIEW","ACTIVE but zero executions in the retained log window — cannot distinguish ""no traffic"" from ""silently broken"". Purpose not inferred from the name.","","Confirm with the business whether this path is still expected to carry traffic.","P2 — operational","",""
"430343","Smoove subsricbers - food > Create Pipedrive Contact & Deal","לידים לפייפדרייב","active (no recent runs)","gateway:CustomWebHook","{""type"":""immediately"",""interval"":900}","pipedrive whatsapp","YES","0","0","","","","","0","2022-12-07T12:33:32.221Z","https://hook.us1.make.com/9ev7lont8usghvoffaa83huh13cvjgkz","","NEEDS MANUAL REVIEW","ACTIVE but zero executions in the retained log window — cannot distinguish ""no traffic"" from ""silently broken"". Purpose not inferred from the name.","","Confirm with the business whether this path is still expected to carry traffic.","P2 — operational","",""
"430335","Smoove subsricbers - Graffiti > Create Pipedrive Contact & Deal","לידים לפייפדרייב","active (no recent runs)","gateway:CustomWebHook","{""type"":""immediately"",""interval"":900}","pipedrive whatsapp","YES","0","0","","","","","0","2022-12-07T12:32:12.402Z","https://hook.us1.make.com/44tsijpandkqux6rctop5c5vnpjcmt72","","NEEDS MANUAL REVIEW","ACTIVE but zero executions in the retained log window — cannot distinguish ""no traffic"" from ""silently broken"". Purpose not inferred from the name.","","Confirm with the business whether this path is still expected to carry traffic.","P2 — operational","",""
"430320","דף נחיתה פעילות בת מצווה > פייפדרייב + סמוב","לידים לפייפדרייב","active (no recent runs)","gateway:CustomWebHook","{""type"":""immediately"",""interval"":900}","http","no","0","0","","","","","0","2023-07-05T05:37:11.792Z","https://hook.us1.make.com/d715242bd6xza9e5zyrxkee7hzgsg1gt","ktl4gj73k8pm2kv3bjapgre35khch2cv","KEEP ACTIVE","Protected lead-intake dependency — this is the only path these leads have into GOS.","GOS website_form ingress — NOT credentialed (WEBSITE_FORM_SECRET unset)","Set WEBSITE_FORM_SECRET; fix adapter gaps G1/G2/G3/G4; repoint the form; prove 14 days of parity. Retire Find/Create UTM LAST, pipe4u second-to-last.","P0 — lead loss","",""
"430321","טופס פוטר באתר > פייפדרייב + סמוב","לידים לפייפדרייב","active (no recent runs)","gateway:CustomWebHook","{""type"":""immediately""}","http","no","0","0","","","","","0","2025-03-17T07:26:44.399Z","https://hook.us1.make.com/bckioo3ys2n3rqmgyzvjdz9matnql5s2","ktl4gj73k8pm2kv3bjapgre35khch2cv fog6ilemgecvxlkk1d5yxnskiy2bk1cz","KEEP ACTIVE","Protected lead-intake dependency — this is the only path these leads have into GOS.","GOS website_form ingress — NOT credentialed (WEBSITE_FORM_SECRET unset)","Set WEBSITE_FORM_SECRET; fix adapter gaps G1/G2/G3/G4; repoint the form; prove 14 days of parity. Retire Find/Create UTM LAST, pipe4u second-to-last.","P0 — lead loss","",""
"1989063","יצירת לינק לצ'אט בווסנג'ר כפתור בפייפ","לידים לפייפדרייב","active (no recent runs)","gateway:CustomWebHook","{""type"":""immediately""}","pipedrive","no","0","0","","","","","0","2024-02-14T12:12:17.982Z","https://hook.us1.make.com/d48lucs6t4a3k54yuixr3j8rvej52tbd","","NEEDS MANUAL REVIEW","ACTIVE but zero executions in the retained log window — cannot distinguish ""no traffic"" from ""silently broken"". Purpose not inferred from the name.","","Confirm with the business whether this path is still expected to carry traffic.","P2 — operational","",""
"430337","לקוח לחץ במייל על לינק ליצירת קשר > הכנסה לפייפדרייב","לידים לפייפדרייב","active (no recent runs)","gateway:CustomWebHook","{""type"":""immediately""}","pipedrive","no","0","0","","","","","0","2022-10-19T05:17:26.725Z","https://hook.us1.make.com/je721a9lyt4ijjb5zad6xx93nkmsrgcm","","NEEDS MANUAL REVIEW","ACTIVE but zero executions in the retained log window — cannot distinguish ""no traffic"" from ""silently broken"". Purpose not inferred from the name.","","Confirm with the business whether this path is still expected to carry traffic.","P2 — operational","",""
"430346","פופאפ צור קשר באתר > פייפדרייב","לידים לפייפדרייב","active (no recent runs)","gateway:CustomWebHook","{""type"":""immediately""}","http","no","0","0","","","","","0","2026-04-12T14:22:08.366Z","https://hook.us1.make.com/sudj8rnaszii2rhlkhnzljxcysm99kcm","ktl4gj73k8pm2kv3bjapgre35khch2cv","KEEP ACTIVE","Protected lead-intake dependency — this is the only path these leads have into GOS.","GOS website_form ingress — NOT credentialed (WEBSITE_FORM_SECRET unset)","Set WEBSITE_FORM_SECRET; fix adapter gaps G1/G2/G3/G4; repoint the form; prove 14 days of parity. Retire Find/Create UTM LAST, pipe4u second-to-last.","P0 — lead loss","",""
"4749928","הודעה חדשה על כל מדריך שמילא טופס תיאום סיור","מדריכים","active (live)","gateway:CustomWebHook","{""type"":""immediately""}","airtable whatsapp","YES","50","0","0","2026-08-02T09:32:45.087Z","","","0","2026-05-25T12:56:56.858Z","https://hook.us1.make.com/c9z62gkrnc94tz79bv88bj3dl6x2jm7d","","KEEP TEMPORARILY","Live, and duplicated by a GOS surface that is also live — double-send risk to a real recipient.","Questionnaire Engine (tour-operational)","Verify GOS-side parity (recipients + content), then disable one at a time per Phase 1 and watch 48h.","P2","",""
"2693681","מחשבון שכר","מדריכים","active (live)","gateway:CustomWebHook","{""type"":""immediately""}","airtable","no","50","0","0","2026-08-02T21:01:56.755Z","","","0","2025-06-23T07:14:32.408Z","https://hook.us1.make.com/alfy8dxpblpnxm2ugle06pczipkitmyr","yecjljo969ld2lpkgylfg6dgubwzsulu","KEEP TEMPORARILY","Live, and duplicated by a GOS surface that is also live.","Payroll module","Verify GOS-side parity (recipients + content), then disable one at a time per Phase 1 and watch 48h.","P2","",""
"1126290","רדיפה למדריך למלא טופס תיאום סיור","מדריכים","active (live)","gateway:CustomWebHook","{""type"":""immediately""}","airtable whatsapp","YES","50","0","0","2026-07-31T06:50:38.221Z","","","0","2026-04-06T18:21:34.448Z","https://hook.us1.make.com/kjko6nnrcv4t03ocw2453chtxec1shfi","qyw6h317896t8zywhn3ih8txy7a8kwwb","KEEP TEMPORARILY","Live, and duplicated by a GOS surface that is also live — double-send risk to a real recipient.","Admin Reports #11–#16","Verify GOS-side parity (recipients + content), then disable one at a time per Phase 1 and watch 48h.","P2","",""
"1051602","שליחת הודעה למדריך טופס סיום הסיור- סיכומי סיור","מדריכים","active (live)","gateway:CustomWebHook","{""type"":""immediately"",""maximum_runs_per_minute"":null}","airtable whatsapp","YES","50","0","0","2026-07-31T21:02:06.286Z","","","0","2026-04-06T18:33:00.809Z","https://hook.us1.make.com/52xol7nb4snvr635kx09khdaalfi1ezw","yecjljo969ld2lpkgylfg6dgubwzsulu","KEEP TEMPORARILY","Live, and duplicated by a GOS surface that is also live — double-send risk to a real recipient.","Admin Reports #7/#8 + Guide Portal","Verify GOS-side parity (recipients + content), then disable one at a time per Phase 1 and watch 48h.","P2","",""
"1126045","שליחת תכנים ללקוח לאחר מילוי טופס סיכום סיור+מחיקת הודעות מתוזמנות","מדריכים","active (live)","gateway:CustomWebHook","{""type"":""immediately"",""maximum_runs_per_minute"":100}","pipedrive airtable drive whatsapp http","YES","50","0","0","2026-08-01T13:04:17.007Z","","","0","2026-06-28T11:41:07.260Z","https://hook.us1.make.com/04fkceo4uxir05m3hql14tmq8jruy29i","a1pv28mrpmem6kmx1q7xlqsgwgw7ilg2 xgz3lsdayon0sgxjlui5aooh0lqnh82j","KEEP TEMPORARILY","Live, and duplicated by a GOS surface that is also live — double-send risk to a real recipient.","Communication Center / Confirmation Email","Verify GOS-side parity (recipients + content), then disable one at a time per Phase 1 and watch 48h.","P1","",""
"4452993","שליחת לו""ז הודעה של כל הסיורים של מחר","מדריכים","active (live)","gateway:CustomWebHook","{""type"":""immediately"",""maximum_runs_per_minute"":null}","airtable whatsapp","YES","34","0","0","2026-08-03T12:00:42.872Z","","","0","2026-01-06T07:39:20.005Z","https://hook.us1.make.com/ftiipbl5nq9cf7odk8d9b5scjfobe6as","","KEEP TEMPORARILY","Live, and duplicated by a GOS surface that is also live — double-send risk to a real recipient.","Admin Reports #11–#16 (guide daily//tour messages)","Verify GOS-side parity (recipients + content), then disable one at a time per Phase 1 and watch 48h.","P2","",""
"2883326","עדכון חודש ושנה בשכר","מדריכים","active (live)","gateway:CustomWebHook","{""type"":""immediately""}","airtable","no","26","0","0","2026-07-30T07:38:05.082Z","","","0","2024-07-31T05:56:27.259Z","https://hook.us1.make.com/3vuxos3ndwsjw622eqrxgv96j2ig1l7n","","KEEP TEMPORARILY","Live, and duplicated by a GOS surface that is also live.","Payroll module","Verify GOS-side parity (recipients + content), then disable one at a time per Phase 1 and watch 48h.","P2","",""
"430349","כפתור באיירטייבל להקמת מדריך.ה חדש.ה","מדריכים","active (live)","gateway:CustomWebHook","{""type"":""immediately""}","pipedrive airtable gmail calendar","YES","4","0","0","2026-07-29T13:36:23.679Z","","","0","2024-01-29T09:43:20.453Z","https://hook.us1.make.com/yecjljo969ld2lpkgylfg6dgubwzsulu","qyw6h317896t8zywhn3ih8txy7a8kwwb","KEEP TEMPORARILY","Live with recent executions and no verified GOS replacement identified.","","Determine the owning domain and whether GOS covers it before disabling.","P2 — operational","",""
"2844878","תזמון חודשי למחשבון שכר","מדריכים","active (live)","util:SetVariables","{""days"":[28,29,30,31],""time"":""23:55"",""type"":""monthly""}","airtable http","no","4","0","0","2026-07-31T20:55:09.573Z","","","0","2024-08-01T12:05:07.636Z","","alfy8dxpblpnxm2ugle06pczipkitmyr","KEEP TEMPORARILY","Live, and duplicated by a GOS surface that is also live.","Payroll module","Verify GOS-side parity (recipients + content), then disable one at a time per Phase 1 and watch 48h.","P2","",""
"4207107","הכנסת הערות עבור השכר מהפייפ","מדריכים","active (live)","gateway:CustomWebHook","{""type"":""immediately""}","pipedrive airtable gmail","YES","1","0","0","2026-07-08T14:32:37.578Z","","","0","2026-04-26T13:29:58.830Z","https://hook.us1.make.com/tzfhmfsw8495wl29vt13wuchxhb847v1","","KEEP TEMPORARILY","Live, and duplicated by a GOS surface that is also live — double-send risk to a real recipient.","Payroll module","Verify GOS-side parity (recipients + content), then disable one at a time per Phase 1 and watch 48h.","P2","",""
"972724","עדכון מדריכים היסטורי","מדריכים","inactive","pipedrive:ListDeals","{""type"":""indefinitely"",""interval"":900}","pipedrive airtable","no","0","0","","","","","0","2023-05-14T19:02:13.611Z","","qyw6h317896t8zywhn3ih8txy7a8kwwb","ALREADY OBSOLETE","Inactive; no retained execution history.","","None — already off. Confirm no scenario chains into it before deleting.","P3 — legacy","",""
"1052263","מנגנון בקרה","מנגנון בקרה","inactive+INVALID","util:SetVariables","{""days"":[1,2,3,4,5,6,0],""time"":""10:00"",""type"":""weekly""}","pipedrive airtable gmail http","YES","33","3","9","2026-08-02T07:00:07.008Z","2026-08-02T07:00:07.008Z","429: daily request budget exceeded (Please check developers.pipedrive.com)","0","2026-05-18T15:39:44.162Z","","u88fvsgtaqhk5qgdh9fpy8oalwc95vty bpxeej2ojsw3t4syms2nfnhj68puoiu5 zn5ol0fanfyhev5yq7luxxlnar8mas3d oln3w9tk9477x05vaquyy4yplyarc142","NEEDS MANUAL REVIEW","Auto-deactivated by Make on 2026-07-30..08-02 after repeated Pipedrive 429 ""daily request budget exceeded"" errors. NOT a deliberate decision.","varies — see audit Part 7","Owner decides restore-vs-retire per row AFTER the Pipedrive API budget incident is resolved.","P1 — customer/payment/accounting","",""
"430353","הוספת טלפון בפורמט 05/972... לכל איש קשר שנכנס + יצירת קישורים מקוצרים לאנשים תחת סוכנות/הפקה","סוכנים ומפיקים","active (live)","pipedrive:NewPersonEvent","{""type"":""immediately""}","pipedrive bitly","no","50","0","0","2026-08-03T12:16:38.625Z","","","1","2026-03-16T15:29:17.526Z","https://hook.us1.make.com/wgvng8fjmwymitt4y388q1188qwin4nq","yvg1ryauw2scodxgcrf7ygy6m1v6as5t","KEEP TEMPORARILY","Live with recent executions and no verified GOS replacement identified.","","Determine the owning domain and whether GOS covers it before disabling.","P2 — operational","",""
"1993303","פתיחת לינק להזמנת סוכנים חדש","סוכנים ומפיקים","active (live)","gateway:CustomWebHook","{""type"":""immediately""}","pipedrive cognito","no","50","5","10","2026-08-01T18:07:59.649Z","2026-08-01T18:07:59.649Z","429: daily request budget exceeded (Please check developers.pipedrive.com)","0","2024-12-01T09:27:05.578Z","https://hook.us1.make.com/yvg1ryauw2scodxgcrf7ygy6m1v6as5t","yvg1ryauw2scodxgcrf7ygy6m1v6as5t","KEEP TEMPORARILY","Live with recent executions and no verified GOS replacement identified.","","Determine the owning domain and whether GOS covers it before disabling.","P2 — operational","",""
"430258","יצירת קישורים לאנשים שמקושרים לסוכנויות ומפיקים - פעם ביום","סוכנים ומפיקים","inactive+INVALID","pipedrive:GetPersons","{""time"":""08:00"",""type"":""daily""}","pipedrive bitly","no","32","1","3","2026-08-01T05:00:14.541Z","2026-08-01T05:00:14.541Z","429: daily request budget exceeded (Please check developers.pipedrive.com)","0","2024-03-25T18:31:41.606Z","","yvg1ryauw2scodxgcrf7ygy6m1v6as5t","NEEDS MANUAL REVIEW","Auto-deactivated by Make on 2026-07-30..08-02 after repeated Pipedrive 429 ""daily request budget exceeded"" errors. NOT a deliberate decision.","varies — see audit Part 7","Owner decides restore-vs-retire per row AFTER the Pipedrive API budget incident is resolved.","P1 — customer/payment/accounting","",""
"1993342","הזמנות מסוכנים לפייפ","סוכנים ומפיקים","active (live)","cognitoforms:watchForNewEntries","{""type"":""immediately""}","pipedrive airtable gmail cognito","YES","14","0","0","2026-07-27T10:06:55.028Z","","","0","2026-05-06T13:04:54.711Z","https://hook.us1.make.com/uxf1wtv1xlapd9p4g82enr6yej8i52t1","","KEEP TEMPORARILY","Live with recent executions and no verified GOS replacement identified.","","Determine the owning domain and whether GOS covers it before disabling.","P2 — operational","",""
"430333","יצירת קישורים לאנשים שמקושרים לסוכנויות ומפיקים - מיידי [ps31cvs7um4nq4zuo72ecd0o18no5ly9@hook.us1.make.com]","סוכנים ומפיקים","active (live)","gateway:CustomMailHook","{""time"":""08:00"",""type"":""immediately""}","pipedrive bitly","no","5","0","0","2026-07-26T08:34:27.963Z","","","0","2024-03-26T09:47:44.281Z","ps31cvs7um4nq4zuo72ecd0o18no5ly9@hook.us1.make.com","yvg1ryauw2scodxgcrf7ygy6m1v6as5t","KEEP TEMPORARILY","Live with recent executions and no verified GOS replacement identified.","","Determine the owning domain and whether GOS covers it before disabling.","P2 — operational","",""
"835533","לינק לסליקה","סליקה","active (live)","gateway:CustomWebHook","{""type"":""immediately""}","pipedrive http","no","50","5","10","2026-08-02T11:49:14.057Z","2026-08-02T11:49:14.057Z","429: daily request budget exceeded (Please check developers.pipedrive.com)","0","2026-05-03T05:07:05.859Z","https://hook.us1.make.com/zn5ol0fanfyhev5yq7luxxlnar8mas3d","mfvl5zrrgp8s0euqshd39z6fcyat1l6m bpxeej2ojsw3t4syms2nfnhj68puoiu5 zn5ol0fanfyhev5yq7luxxlnar8mas3d oln3w9tk9477x05vaquyy4yplyarc142","KEEP TEMPORARILY","Live, and duplicated by a GOS surface that is also live.","GOS payment links (Cardcom/iCount)","Verify GOS-side parity (recipients + content), then disable one at a time per Phase 1 and watch 48h.","P1","",""
"835854","תפיסת הסליקה מדף סליקה בפייפ","סליקה","active (live)","gateway:CustomWebHook","{""type"":""immediately""}","pipedrive airtable whatsapp","YES","40","0","0","2026-07-30T04:51:57.703Z","","","0","2026-01-07T11:48:16.840Z","https://hook.us1.make.com/mfvl5zrrgp8s0euqshd39z6fcyat1l6m","zn5ol0fanfyhev5yq7luxxlnar8mas3d","KEEP TEMPORARILY","Live, and duplicated by a GOS surface that is also live — double-send risk to a real recipient.","GOS payment links","Verify GOS-side parity (recipients + content), then disable one at a time per Phase 1 and watch 48h.","P1","",""
"3934706","מוטרג מהתוסף חשבוניות אצל לאנדוליני","סליקה","active (live)","gateway:CustomWebHook","{""type"":""immediately""}","","no","12","0","0","2026-07-27T07:38:19.929Z","","","0","2025-05-05T06:24:00.995Z","https://hook.us1.make.com/xtcnsp1xnecwsn1awyriwpx1tcmwbvf7","","KEEP TEMPORARILY","Live with recent executions and no verified GOS replacement identified.","","Determine the owning domain and whether GOS covers it before disabling.","P2 — operational","",""
"1711911","סליקה עצמאית קירות של תקוה","סליקה","active (no recent runs)","gateway:CustomWebHook","{""type"":""immediately""}","pipedrive airtable http","no","0","0","","","","","0","2024-04-18T11:25:10.224Z","https://hook.us1.make.com/5tj9enlnsiqiofs39krkfbxfdxyisgf7","ktl4gj73k8pm2kv3bjapgre35khch2cv bpxeej2ojsw3t4syms2nfnhj68puoiu5 zn5ol0fanfyhev5yq7luxxlnar8mas3d oln3w9tk9477x05vaquyy4yplyarc142","KEEP ACTIVE","Protected lead-intake dependency — this is the only path these leads have into GOS.","GOS website_form ingress — NOT credentialed (WEBSITE_FORM_SECRET unset)","Set WEBSITE_FORM_SECRET; fix adapter gaps G1/G2/G3/G4; repoint the form; prove 14 days of parity. Retire Find/Create UTM LAST, pipe4u second-to-last.","P0 — lead loss","",""
"4677244","Integration iCount","סליקה","inactive","icount:documentCreate","{""type"":""indefinitely"",""interval"":900}","icount","no","0","0","","","","","0","2026-04-15T06:51:26.242Z","","","ALREADY OBSOLETE","Inactive; no retained execution history.","","None — already off. Confirm no scenario chains into it before deleting.","P3 — legacy","",""
"2725066","עדכון תנאי תשלום בדיל שמשוייך לארגון בפייפ עיסקי","עסקיים","active (live)","gateway:CustomWebHook","{""type"":""immediately""}","pipedrive airtable gmail","YES","33","0","0","2026-07-28T06:44:38.958Z","","","0","2025-07-07T06:37:47.975Z","https://hook.us1.make.com/tw49ttgk87fuw4480rl384hhx6eej254","","KEEP TEMPORARILY","Live with recent executions and no verified GOS replacement identified.","","Determine the owning domain and whether GOS covers it before disabling.","P2 — operational","",""
"430267","לקוחות עסקיים - הוצאת קבלות פעם ביום - 8:00","עסקיים","inactive+INVALID","pipedrive:ListDeals","{""time"":""08:00"",""type"":""daily""}","pipedrive gmail icount http","YES","32","1","3","2026-08-01T05:00:12.149Z","2026-08-01T05:00:12.149Z","429: daily request budget exceeded (Please check developers.pipedrive.com)","0","2023-05-09T05:02:58.022Z","","","NEEDS MANUAL REVIEW","Auto-deactivated by Make on 2026-07-30..08-02 after repeated Pipedrive 429 ""daily request budget exceeded"" errors. NOT a deliberate decision.","varies — see audit Part 7","Owner decides restore-vs-retire per row AFTER the Pipedrive API budget incident is resolved.","P1 — customer/payment/accounting","",""
"430273","לקוחות עסקיים - הוצאת קבלות פעם ביום - 16:00","עסקיים","inactive+INVALID","pipedrive:ListDeals","{""time"":""16:00"",""type"":""daily""}","pipedrive gmail icount http","YES","30","2","7","2026-07-31T13:00:05.166Z","2026-07-31T13:00:05.166Z","429: daily request budget exceeded (Please check developers.pipedrive.com)","0","2022-10-19T05:17:26.725Z","","hu5r0ix1jlwcj8bi2gq6mtsf9ennq1h8 8l77g8t16kai5onbgy16zumuhp9c4t2c","NEEDS MANUAL REVIEW","Auto-deactivated by Make on 2026-07-30..08-02 after repeated Pipedrive 429 ""daily request budget exceeded"" errors. NOT a deliberate decision.","varies — see audit Part 7","Owner decides restore-vs-retire per row AFTER the Pipedrive API budget incident is resolved.","P1 — customer/payment/accounting","",""
"430261","לקוחות עסקיים - יום אחרי פעילות העברה לפייפליין גבייה + יומיים אחרי מייל סיכום פעילות","עסקיים","inactive+INVALID","pipedrive:ListDeals","{""time"":""16:00"",""type"":""daily""}","pipedrive woo http","no","30","2","7","2026-07-31T13:00:13.568Z","2026-07-31T13:00:13.568Z","429: daily request budget exceeded (Please check developers.pipedrive.com)","0","2026-02-23T06:32:16.535Z","","xgz3lsdayon0sgxjlui5aooh0lqnh82j 69hxwe4kn3f35ttqkj3ek257qc5kc7qj bpxeej2ojsw3t4syms2nfnhj68puoiu5 zn5ol0fanfyhev5yq7luxxlnar8mas3d oln3w9tk9477x05vaquyy4yplyarc142 qyw6h317896t8zywhn3ih8txy7a8kwwb","NEEDS MANUAL REVIEW","Auto-deactivated by Make on 2026-07-30..08-02 after repeated Pipedrive 429 ""daily request budget exceeded"" errors. NOT a deliberate decision.","varies — see audit Part 7","Owner decides restore-vs-retire per row AFTER the Pipedrive API budget incident is resolved.","P1 — customer/payment/accounting","",""
"1989068","סיכום סיור - לקוח עיסקי","עסקיים","inactive+INVALID","gateway:CustomWebHook","{""type"":""immediately""}","pipedrive airtable","no","17","2","12","2026-07-30T18:18:28.111Z","2026-07-30T18:18:28.111Z","429: daily request budget exceeded (Please check developers.pipedrive.com)","0","2024-09-11T11:19:48.605Z","https://hook.us1.make.com/9kw4g42yp9xvij3tm16506ek227cshus","","NEEDS MANUAL REVIEW","Auto-deactivated by Make on 2026-07-30..08-02 after repeated Pipedrive 429 ""daily request budget exceeded"" errors. NOT a deliberate decision.","varies — see audit Part 7","Owner decides restore-vs-retire per row AFTER the Pipedrive API budget incident is resolved.","P1 — customer/payment/accounting","",""
"4549206","שליחת תוכן 4 ימים לפני","עסקיים","inactive+INVALID","gateway:CustomWebHook","{""type"":""immediately"",""maximum_runs_per_minute"":null}","pipedrive http","no","9","1","11","2026-07-31T06:00:08.968Z","2026-07-31T06:00:08.968Z","429: daily request budget exceeded (Please check developers.pipedrive.com)","0","2026-02-09T10:44:05.014Z","https://hook.us1.make.com/wavs855o9ae87ixmpqiw6ub9j4pvxlct","xgz3lsdayon0sgxjlui5aooh0lqnh82j bpxeej2ojsw3t4syms2nfnhj68puoiu5 zn5ol0fanfyhev5yq7luxxlnar8mas3d oln3w9tk9477x05vaquyy4yplyarc142","NEEDS MANUAL REVIEW","Auto-deactivated by Make on 2026-07-30..08-02 after repeated Pipedrive 429 ""daily request budget exceeded"" errors. NOT a deliberate decision.","varies — see audit Part 7","Owner decides restore-vs-retire per row AFTER the Pipedrive API budget incident is resolved.","P1 — customer/payment/accounting","",""
"4549250","שליחת תוכן 2 ימים לפני תזכורת לתשלום","עסקיים","active (live)","gateway:CustomWebHook","{""type"":""immediately"",""maximum_runs_per_minute"":100}","pipedrive gmail icount whatsapp http","YES","1","0","0","2026-07-08T06:00:12.789Z","","","0","2026-06-11T08:50:58.531Z","https://hook.us1.make.com/vc2c8kuj6rv39ptcttf78tah6eu2y27h","bpxeej2ojsw3t4syms2nfnhj68puoiu5 zn5ol0fanfyhev5yq7luxxlnar8mas3d oln3w9tk9477x05vaquyy4yplyarc142","KEEP TEMPORARILY","Live, and duplicated by a GOS surface that is also live — double-send risk to a real recipient.","Communication Center + iCount","Verify GOS-side parity (recipients + content), then disable one at a time per Phase 1 and watch 48h.","P1","",""
"430324","[טופל]לקוח עסקי ממלא טופס הזמנה > עדכון לדיל בפייפדרייב > שליחת מסמך ללקוח > שליחת נוטיפיקציה למשרד","עסקיים","active (no recent runs)","gateway:CustomWebHook","{""type"":""immediately"",""interval"":900}","pipedrive gmail drive docs http","YES","0","0","","","","","0","2023-06-01T10:13:27.712Z","https://hook.us1.make.com/pl4uo8hgj14etbekc772x5mbvbku7ljy","g3eiqlxptri1n9ebmg3slo3i6h2gj2mz bpxeej2ojsw3t4syms2nfnhj68puoiu5 zn5ol0fanfyhev5yq7luxxlnar8mas3d","NEEDS MANUAL REVIEW","ACTIVE but zero executions in the retained log window — cannot distinguish ""no traffic"" from ""silently broken"". Purpose not inferred from the name.","","Confirm with the business whether this path is still expected to carry traffic.","P2 — operational","",""
"1443989","יוזר חדש בפייפ לטבלת המרה באיירטייבל","עסקיים","active (no recent runs)","gateway:CustomWebHook","{""type"":""immediately""}","airtable gmail","YES","0","0","","","","","0","2024-01-29T09:43:03.217Z","https://hook.us1.make.com/dckflusnwnd32hkbhhi154aukizeavjp","","NEEDS MANUAL REVIEW","ACTIVE but zero executions in the retained log window — cannot distinguish ""no traffic"" from ""silently broken"". Purpose not inferred from the name.","","Confirm with the business whether this path is still expected to carry traffic.","P2 — operational","",""
"430325","לקוחות עסקיים - העברת סטייג' > שליחת תזכורת תשלום ללקוח","עסקיים","active (no recent runs)","gateway:CustomMailHook","{""type"":""immediately""}","pipedrive airtable gmail icount http","YES","0","0","","","","","0","2025-03-03T12:28:02.908Z","i9prh1okf94mdiebyk2jceme2v7m2aal@hook.us1.make.com","bpxeej2ojsw3t4syms2nfnhj68puoiu5 zn5ol0fanfyhev5yq7luxxlnar8mas3d oln3w9tk9477x05vaquyy4yplyarc142 hu5r0ix1jlwcj8bi2gq6mtsf9ennq1h8 8l77g8t16kai5onbgy16zumuhp9c4t2c","NEEDS MANUAL REVIEW","ACTIVE but zero executions in the retained log window — cannot distinguish ""no traffic"" from ""silently broken"". Purpose not inferred from the name.","","Confirm with the business whether this path is still expected to carry traffic.","P2 — operational","",""
"430345","לקוחות עסקיים - לחיצה על לינק במייל > שליחת תזכורת תשלום ללקוח","עסקיים","active (no recent runs)","gateway:CustomWebHook","{""type"":""immediately""}","pipedrive airtable gmail icount http","YES","0","0","","","","","0","2024-01-29T09:43:49.099Z","https://hook.us1.make.com/23auj5ol68bjogapxknzaewg7bd7kfo7","hu5r0ix1jlwcj8bi2gq6mtsf9ennq1h8 8l77g8t16kai5onbgy16zumuhp9c4t2c","NEEDS MANUAL REVIEW","ACTIVE but zero executions in the retained log window — cannot distinguish ""no traffic"" from ""silently broken"". Purpose not inferred from the name.","","Confirm with the business whether this path is still expected to carry traffic.","P2 — operational","",""
"430308","סוכני תיירות וחברות הפקה ממלאים טופס הזמנה (חוזרת) > יצירת דיל > שליחת מסמך ללקוח > שליחת נוטיפיקציה למשרד","עסקיים","active (no recent runs)","gateway:CustomWebHook","{""type"":""immediately"",""interval"":900}","pipedrive airtable gmail drive docs bitly","YES","0","0","","","","","0","2025-08-10T06:44:38.685Z","https://hook.us1.make.com/8t8g5xlhmct7mfos0q5jdbb6jqiminng","","NEEDS MANUAL REVIEW","ACTIVE but zero executions in the retained log window — cannot distinguish ""no traffic"" from ""silently broken"". Purpose not inferred from the name.","","Confirm with the business whether this path is still expected to carry traffic.","P2 — operational","",""
"4561651","שליחת תוכן 5 ימים לפני תזכורת לתשלום","עסקיים","active (no recent runs)","gateway:CustomWebHook","{""type"":""immediately"",""maximum_runs_per_minute"":100}","pipedrive gmail icount whatsapp http","YES","0","0","","","","","0","2026-06-01T10:28:48.366Z","https://hook.us1.make.com/f9b9w06novpnlu6lopftkbplqid4ywf9","bpxeej2ojsw3t4syms2nfnhj68puoiu5 zn5ol0fanfyhev5yq7luxxlnar8mas3d oln3w9tk9477x05vaquyy4yplyarc142","NEEDS MANUAL REVIEW","ACTIVE but zero executions in the retained log window — cannot distinguish ""no traffic"" from ""silently broken"". Purpose not inferred from the name.","","Confirm with the business whether this path is still expected to carry traffic.","P2 — operational","",""
"1564301","דיל עסקי מאושר לאיירטייבל","עסקיים לפני המכירה","active (live)","gateway:CustomWebHook","{""type"":""immediately"",""maximum_runs_per_minute"":null}","pipedrive airtable gmail http","YES","50","0","0","2026-07-28T06:40:48.278Z","","","0","2026-05-19T06:02:54.447Z","https://hook.us1.make.com/1c5tx14rne01xzrigdz5t3xt4msdntmu","u88fvsgtaqhk5qgdh9fpy8oalwc95vty bpxeej2ojsw3t4syms2nfnhj68puoiu5 zn5ol0fanfyhev5yq7luxxlnar8mas3d oln3w9tk9477x05vaquyy4yplyarc142","KEEP TEMPORARILY","Live with recent executions and no verified GOS replacement identified.","","Determine the owning domain and whether GOS covers it before disabling.","P2 — operational","",""
"4677340","חישוב ועדכון צפי תשלום","עסקיים לפני המכירה","active (live)","scenario-service:StartSubscenario","{""type"":""on-demand""}","pipedrive airtable","no","34","0","0","2026-07-26T14:39:53.763Z","","","0","2026-04-28T05:54:16.768Z","","bpxeej2ojsw3t4syms2nfnhj68puoiu5 zn5ol0fanfyhev5yq7luxxlnar8mas3d oln3w9tk9477x05vaquyy4yplyarc142","KEEP TEMPORARILY","Live with recent executions and no verified GOS replacement identified.","","Determine the owning domain and whether GOS covers it before disabling.","P2 — operational","",""
"2329750","עדכון תנאי תשלום מהארגון לדיל","עסקיים לפני המכירה","inactive","gateway:CustomWebHook","{""type"":""immediately""}","pipedrive","no","0","0","","","","","0","2024-10-01T08:27:05.103Z","https://hook.us1.make.com/chr4dcl6fgjlq3bh8kh917pm9u52usa3","","ALREADY OBSOLETE","Inactive; no retained execution history.","","None — already off. Confirm no scenario chains into it before deleting.","P3 — legacy","",""
"1723213","פתיחת טופס הזמנה חדש לאנדוליני","עסקיים לפני המכירה","inactive","gateway:CustomWebHook","{""type"":""immediately""}","pipedrive airtable","no","0","0","","","","","0","2023-11-29T11:30:13.352Z","https://hook.us1.make.com/ox5yo62fw3orhmqw17ez6e1dbyr5hk2f","bpxeej2ojsw3t4syms2nfnhj68puoiu5 zn5ol0fanfyhev5yq7luxxlnar8mas3d oln3w9tk9477x05vaquyy4yplyarc142","ALREADY OBSOLETE","Inactive; no retained execution history.","","None — already off. Confirm no scenario chains into it before deleting.","P3 — legacy","",""
"1213773","Office hours calculator","שעות עבודה","active (live)","gateway:CustomWebHook","{""type"":""immediately""}","","no","50","0","0","2026-08-01T13:04:19.374Z","","","0","2023-07-26T11:44:41.053Z","https://hook.us1.make.com/a1pv28mrpmem6kmx1q7xlqsgwgw7ilg2","a1pv28mrpmem6kmx1q7xlqsgwgw7ilg2","KEEP TEMPORARILY","Live with recent executions and no verified GOS replacement identified.","","Determine the owning domain and whether GOS covers it before disabling.","P2 — operational","",""
"4227190","AI","AI","inactive","app#wassenger-0waevn:watchEvents","{""type"":""immediately""}","whatsapp","YES","0","0","","","","","0","2025-08-20T10:20:32.116Z","https://hook.us1.make.com/iolo4e2eanrksg3dl561wt6gyunr004w","","ALREADY OBSOLETE","Inactive; no retained execution history.","","None — already off. Confirm no scenario chains into it before deleting.","P3 — legacy","",""
"1952599","one click","One click","inactive","gateway:CustomWebHook","{""type"":""immediately""}","airtable http","no","0","0","","","","","0","2024-02-04T17:47:28.656Z","https://hook.us1.make.com/wc639aeq952m6ki79wn1da346li8afct","h7u6ftf029hjupamyac2ohn1ks5oehwu","ALREADY OBSOLETE","Inactive; no retained execution history.","","None — already off. Confirm no scenario chains into it before deleting.","P3 — legacy","",""
"3121861","שליחה לאחר עריכה בפייפ","wassenger","active (live)","gateway:CustomWebHook","{""type"":""immediately"",""maximum_runs_per_minute"":100}","pipedrive airtable whatsapp","YES","50","0","0","2026-08-03T12:19:08.761Z","","","0","2026-07-26T15:29:55.516Z","https://hook.us1.make.com/y5y27mxtdy20any5req9oiioxzq3fuaj","bpxeej2ojsw3t4syms2nfnhj68puoiu5 zn5ol0fanfyhev5yq7luxxlnar8mas3d oln3w9tk9477x05vaquyy4yplyarc142","KEEP TEMPORARILY","Live, and duplicated by a GOS surface that is also live — double-send risk to a real recipient.","WhatsApp module (Baileys)","Verify GOS-side parity (recipients + content), then disable one at a time per Phase 1 and watch 48h.","P2","",""
"2607384","בדיקת חיבור ווסנג'ר","wassenger","active (live)","util:BasicTrigger","{""time"":""08:00"",""type"":""daily""}","gmail http","YES","34","0","0","2026-08-03T05:00:06.730Z","","","0","2025-06-12T07:46:51.569Z","","","KEEP TEMPORARILY","Live with recent executions and no verified GOS replacement identified.","","Determine the owning domain and whether GOS covers it before disabling.","P2 — operational","",""
"440474","לקוחות פרטיים - תזכורות לקראת פעילות (wassenger - check content)","wassenger","active (live)","util:SetVariables","{""time"":""08:00"",""type"":""daily""}","pipedrive airtable whatsapp bitly http","YES","34","0","0","2026-08-03T05:00:07.948Z","","","2","2025-08-21T11:59:08.530Z","","xgz3lsdayon0sgxjlui5aooh0lqnh82j bpxeej2ojsw3t4syms2nfnhj68puoiu5 zn5ol0fanfyhev5yq7luxxlnar8mas3d oln3w9tk9477x05vaquyy4yplyarc142","KEEP TEMPORARILY","Live, and duplicated by a GOS surface that is also live — double-send risk to a real recipient.","Communication Center reminders","Verify GOS-side parity (recipients + content), then disable one at a time per Phase 1 and watch 48h.","P1","",""
"3956203","שליחת וואטסאפ ב6 בבוקר על סיורים שלא מולא סיכום סיור","wassenger","active (live)","airtable:ActionSearchRecords","{""time"":""06:00"",""type"":""daily""}","airtable whatsapp","YES","34","0","0","2026-08-03T03:00:09.657Z","","","0","2026-04-26T06:01:42.903Z","","yecjljo969ld2lpkgylfg6dgubwzsulu","KEEP TEMPORARILY","Live, and duplicated by a GOS surface that is also live — double-send risk to a real recipient.","Admin Reports #7/#8 (missing tour summaries)","Verify GOS-side parity (recipients + content), then disable one at a time per Phase 1 and watch 48h.","P2","",""
"430295","לקוחות עסקיים - תזכורת לתשלום ביום הפעילות עבור הלקוח + המדריך (wassenger)","wassenger","inactive+INVALID","pipedrive:ListDeals","{""time"":""08:00"",""type"":""daily""}","pipedrive airtable gmail icount whatsapp http","YES","32","1","3","2026-08-01T05:00:15.361Z","2026-08-01T05:00:15.361Z","429: daily request budget exceeded (Please check developers.pipedrive.com)","0","2026-06-18T13:19:41.015Z","","yecjljo969ld2lpkgylfg6dgubwzsulu","NEEDS MANUAL REVIEW","Auto-deactivated by Make on 2026-07-30..08-02 after repeated Pipedrive 429 ""daily request budget exceeded"" errors. NOT a deliberate decision.","varies — see audit Part 7","Owner decides restore-vs-retire per row AFTER the Pipedrive API budget incident is resolved.","P1 — customer/payment/accounting","",""
"430291","לקוחות עסקיים - תזכורת לקראת פעילות + תזכורות לתשלום (שבת - ערב) (wassenger)","wassenger","inactive+INVALID","pipedrive:ListDeals","{""time"":""20:30"",""type"":""daily""}","pipedrive gmail icount whatsapp http","YES","30","2","7","2026-07-30T17:30:04.335Z","2026-07-30T17:30:04.335Z","429: daily request budget exceeded (Please check developers.pipedrive.com)","0","2025-04-15T09:14:02.850Z","","xgz3lsdayon0sgxjlui5aooh0lqnh82j hu5r0ix1jlwcj8bi2gq6mtsf9ennq1h8","NEEDS MANUAL REVIEW","Auto-deactivated by Make on 2026-07-30..08-02 after repeated Pipedrive 429 ""daily request budget exceeded"" errors. NOT a deliberate decision.","varies — see audit Part 7","Owner decides restore-vs-retire per row AFTER the Pipedrive API budget incident is resolved.","P1 — customer/payment/accounting","",""
"3734669","דיל מפאנזינג","wassenger","active (live)","gateway:CustomMailHook","{""type"":""immediately""}","whatsapp","YES","1","0","0","2026-07-15T11:10:11.237Z","","","0","2025-03-30T10:15:50.410Z","gnvqejj6lqfuef3i5yj2f2iw3eptlfoo@hook.us1.make.com","","KEEP TEMPORARILY","Live with recent executions and no verified GOS replacement identified.","","Determine the owning domain and whether GOS covers it before disabling.","P2 — operational","",""
"1081615","ענת בדיקה","wassenger","inactive+INVALID","app#bulldogwp-6wcm2v:getmessages","{""type"":""indefinitely"",""interval"":900}","pipedrive whatsapp","YES","1","1","100","2026-07-15T14:10:10.497Z","2026-07-15T14:10:10.497Z","Device with ID '667fe31fc697df8b3a30a3ca' was removed or is invalid and cannot be used anymore.","0","2025-02-24T13:47:39.513Z","","","NEEDS MANUAL REVIEW","Flagged isinvalid by Make (broken configuration). Inactive.","","Inspect in the Make UI to determine whether it was ever wanted.","P3 — legacy","",""
"439285","טופס פאנזינג שולח הודעת וואטסאפ (wassenger)","wassenger","active (no recent runs)","gateway:CustomWebHook","{""type"":""immediately""}","whatsapp","YES","0","0","","","","","0","2023-06-15T17:14:15.301Z","https://hook.us1.make.com/c35or1hsv69r31dpv90ry7e3hp61e999","","NEEDS MANUAL REVIEW","ACTIVE but zero executions in the retained log window — cannot distinguish ""no traffic"" from ""silently broken"". Purpose not inferred from the name.","","Confirm with the business whether this path is still expected to carry traffic.","P2 — operational","",""
"430344","כפתור באיירטייבל להוספת ניסוח וואטסאפ מיידי","wassenger","active (no recent runs)","gateway:CustomWebHook","{""type"":""immediately""}","pipedrive airtable","no","0","0","","","","","0","2024-10-06T11:19:13.265Z","https://hook.us1.make.com/bgbjomjxbausxpof4j2bh3l5fm5prd0v","bgbjomjxbausxpof4j2bh3l5fm5prd0v","NEEDS MANUAL REVIEW","ACTIVE but zero executions in the retained log window — cannot distinguish ""no traffic"" from ""silently broken"". Purpose not inferred from the name.","","Confirm with the business whether this path is still expected to carry traffic.","P2 — operational","",""
"4046811","שליחת הודעה עם משוב בקבוצת מדריכים ","wassenger","active (no recent runs)","gateway:CustomWebHook","{""type"":""immediately""}","airtable whatsapp","YES","0","0","","","","","0","2025-06-19T15:52:07.192Z","https://hook.us1.make.com/9q4d485bszw8rs91mijj4t3dwgnbik15","yecjljo969ld2lpkgylfg6dgubwzsulu","NEEDS MANUAL REVIEW","ACTIVE but zero executions in the retained log window — cannot distinguish ""no traffic"" from ""silently broken"". Purpose not inferred from the name.","","Confirm with the business whether this path is still expected to carry traffic.","P2 — operational","",""
"3868542","(note) נוצר נאוט ידני בדיל -> שליחת ווצאפ למשרד","wassenger","inactive","gateway:CustomWebHook","{""type"":""immediately""}","","no","0","0","","","","","0","2025-04-14T11:54:59.717Z","https://hook.us1.make.com/2pjrkqce2ytsuefzq9x7sqjmtd5nemb4","","ALREADY OBSOLETE","Inactive; no retained execution history.","","None — already off. Confirm no scenario chains into it before deleting.","P3 — legacy","",""
"2923485","טופס השתתפות","wassenger","inactive","gateway:CustomWebHook","{""type"":""immediately""}","whatsapp","YES","0","0","","","","","0","2024-08-11T14:51:55.894Z","https://hook.us1.make.com/9qgcdb2jfnt5yi924c4j3vevou9biwfv","","ALREADY OBSOLETE","Inactive; no retained execution history.","","None — already off. Confirm no scenario chains into it before deleting.","P3 — legacy","",""
"4339341","עדכון מזהה איש קשר בוואסנגר","wassenger","inactive","pipedrive:NewPersonEvent","{""type"":""immediately""}","pipedrive whatsapp","YES","0","0","","","","","0","2025-10-15T10:17:31.797Z","https://hook.us1.make.com/stazb6m4ec29cj22lqqwssn6xojbhviu","","ALREADY OBSOLETE","Inactive; no retained execution history.","","None — already off. Confirm no scenario chains into it before deleting.","P3 — legacy","",""
"3954621","שליחת הודעת וואטסאפ חדשה בקבוצת לוגיסטיקה-כובה בתאריך 25.11.25 לבקשת דור","wassenger","inactive","gateway:CustomWebHook","{""type"":""immediately""}","whatsapp","YES","0","0","","","","","0","2025-11-09T09:35:57.477Z","https://hook.us1.make.com/fm24t7m6fopp3lkfonl1qfsuoia6ahr8","yecjljo969ld2lpkgylfg6dgubwzsulu","ALREADY OBSOLETE","Inactive; no retained execution history.","","None — already off. Confirm no scenario chains into it before deleting.","P3 — legacy","",""
"440488","תזכורות למדריכים לקראת פעילות (wassenger) ענת סגרה 11/05/2025","wassenger","inactive","pipedrive:ListDeals","{""time"":""09:00"",""type"":""daily""}","pipedrive airtable whatsapp","YES","0","0","","","","","0","2025-05-11T15:51:20.387Z","","qyw6h317896t8zywhn3ih8txy7a8kwwb","ALREADY OBSOLETE","Inactive; no retained execution history.","","None — already off. Confirm no scenario chains into it before deleting.","P3 — legacy","",""