scenario_id,scenario_name,folder,status,trigger,systems,business_flow,gos_replacement,still_missing_in_gos,recommendation,reason,runs_sampled,errors,last_run,MY_DECISION,MY_NOTES
"1978153","דחיפה של פתיחת תיקייה בגוגל תמונות","(no folder)","live","Scheduled (daily)","Airtable","looks up an Airtable record → calls another automation / external service","Tour Gallery","","Replace inside GOS","Live, and GOS already covers it completely. Disable after a 48h parity watch.","34","0","2026-08-03T05:00:14.840Z","",""
"4459424","טריגר לסנריו  https://us1.make.com/120547/scenarios/4452993/edit","(no folder)","live","Scheduled (daily)","","calls another automation / external service","none needed — internal trigger helper","","Replace inside GOS","Live, and GOS already covers it completely. Disable after a 48h parity watch.","34","0","2026-08-03T12:00:42.683Z","",""
"430341","כפתור ביצוע פעולות מקבל טריגר מפייפדרייב","(no folder)","live","Incoming email","","receives an incoming email → branches on conditions → calls another automation / external service","Deal actions in the GOS UI","","Replace inside GOS","Live, and GOS already covers it completely. Disable after a 48h parity watch.","50","0","2026-07-31T05:26:54.872Z","",""
"430271","מדי לילה בודק נטישות עגלה באתר > מכניס לפייפדרייב","(no folder)","live","Scheduled every 15 min","WooCommerce (website shop)","reads the website order → calls another automation / external service","GOS Ingress Platform (website_form) — code shipped, not credentialed","WEBSITE_FORM_SECRET unset; `messege`/`webpage` aliases missing","Keep temporarily","Lead-intake dependency — the only path these leads have into GOS today.","33","0","2026-08-02T21:30:04.355Z","",""
"2906484","מדריך מאשר רשומת שכר באיירטייבל","(no folder)","live","Webhook — מדריך מאשר רשומת שכר באיירטייבל","Website / incoming form · Airtable","receives a form/web submission → updates an Airtable record","Payroll module — guide approval","","Replace inside GOS","Live, and GOS already covers it completely. Disable after a 48h parity watch.","50","0","2026-08-02T08:42:18.758Z","",""
"4095754","עדכון באירוע ביומן","(no folder)","live","Webhook — calendar changes webhook","Website / incoming form · Airtable · Google Calendar","receives a form/web submission → looks up an Airtable record → branches on conditions → updates the calendar event → loops over items → looks up an Airtable record → updates the calendar event","Tour Calendar sync worker (TourEvent is SSOT)","","Replace inside GOS","Live, and GOS already covers it completely. Disable after a 48h parity watch.","50","0","2026-07-31T16:01:16.356Z","",""
"2600471","עדכון שעת סיור מהדיל","(no folder)","live","Webhook — עדכון שעת סיור מהדיל","Website / incoming form · Pipedrive · Airtable · WhatsApp (Wassenger) · Gmail","receives a form/web submission → reads deals from Pipedrive → looks up an Airtable record → branches on conditions → looks up an Airtable record → updates an Airtable record → updates the deal in Pipedrive → writes a note on the Pipedrive deal → sends a WhatsApp message → sends an email","Tour Calendar sync + Confirmation Email","","Replace inside GOS","Live, and GOS already covers it completely. Disable after a 48h parity watch.","17","0","2026-07-30T07:53:06.589Z","",""
"430254","פעם בשבוע - מחיקת רשומות ישנות של שיחות משוב ממתינות מהאיירטייבל","(no folder)","live","Scheduled (weekly)","Airtable","looks up an Airtable record → deletes an Airtable record","none needed — Airtable housekeeping","","Replace inside GOS","Live, and GOS already covers it completely. Disable after a 48h parity watch.","5","0","2026-08-02T03:00:14.132Z","",""
"1830861","שינויים כמות משתתפים / מידע חשוב על הלקוח / עדכון שם,טלפון,מייל בפרסון","(no folder)","live","Webhook — שינויים כמות משתתפים / מידע חשוב על הלקוח","Website / incoming form · Pipedrive · Airtable","receives a form/web submission → branches on conditions → reads deals from Pipedrive → branches on conditions → looks up an Airtable record → updates an Airtable record → writes a note on the Pipedrive deal → looks up the contact in Pipedrive → looks up an Airtable record → updates an Airtable record","Deals module (participants + customer info)","","Replace inside GOS","Live, and GOS already covers it completely. Disable after a 48h parity watch.","50","0","2026-08-01T09:52:10.348Z","",""
"3190154","שכר - צוות הניהול מאשר את הערות של המדריך","(no folder)","live","Webhook — צוות הניהול מאשר את הערות של המדריך","Website / incoming form · Airtable · Gmail","receives a form/web submission → looks up an Airtable record → sends an email","Payroll module — office approval","","Replace inside GOS","Live, and GOS already covers it completely. Disable after a 48h parity watch.","2","0","2026-08-01T09:10:59.384Z","",""
"430326","שליחת מייל אישור עדכני","(no folder)","live","Webhook — שליחת מייל אישור עדכני","Website / incoming form","receives a form/web submission → calls another automation / external service","Confirmation Email module","","Replace inside GOS","Live, and GOS already covers it completely. Disable after a 48h parity watch.","30","0","2026-07-30T08:42:36.442Z","",""
"430338","ביטול פולואפ מהמייל > עדכון לפייפדרייב","(no folder)","active but idle","Webhook — ביטול פולואפים מהמייל","Website / incoming form · Pipedrive","receives a form/web submission → reads deals from Pipedrive → branches on conditions → updates the deal in Pipedrive","","Confirm with the business whether this path should still carry traffic","Requires my decision","Active but no runs in the retained window — cannot tell ""no traffic"" from ""silently broken"".","0","0","","",""
"4698828","דחייה ללא תאריך","(no folder)","active but idle","Webhook — דחייה ללא תאריך","Website / incoming form · Airtable","receives a form/web submission → looks up an Airtable record → updates an Airtable record","","Confirm with the business whether this path should still carry traffic","Requires my decision","Active but no runs in the retained window — cannot tell ""no traffic"" from ""silently broken"".","0","0","","",""
"430312","הוצאת חשבונית לתשלום חוזרת מפייפדרייב לאייקאונט + שליחה ללקוח","(no folder)","active but idle","Webhook — יצירת חשבונית חדשה מפייפדרייב","Website / incoming form · Pipedrive · iCount · Gmail","receives a form/web submission → reads deals from Pipedrive → reads/writes Pipedrive → handles deal products in Pipedrive → issues an accounting document (iCount) → calls another automation / external service → reads/writes Pipedrive → updates the deal in Pipedrive → sends an email","","Confirm with the business whether this path should still carry traffic","Requires my decision","Active but no runs in the retained window — cannot tell ""no traffic"" from ""silently broken"".","0","0","","",""
"601178","התראה לאלינוי על פעולות במייק","(no folder)","active but idle","Incoming email","WhatsApp (Wassenger)","receives an incoming email → branches on conditions → sends a WhatsApp message","","Confirm with the business whether this path should still carry traffic","Requires my decision","Active but no runs in the retained window — cannot tell ""no traffic"" from ""silently broken"".","0","0","","",""
"445156","[טופל]שליחת מייל מיידי","(no folder)","active but idle","Incoming email","Pipedrive · Airtable · Gmail","receives an incoming email → reads deals from Pipedrive → looks up the contact in Pipedrive → branches on conditions → looks up an Airtable record → branches on conditions → sends an email → writes a note on the Pipedrive deal","","Confirm with the business whether this path should still carry traffic","Requires my decision","Active but no runs in the retained window — cannot tell ""no traffic"" from ""silently broken"".","0","0","","",""
"430314","טופס איחוד אירועים מעדכן יומן ופייפדרייב (אירועים מרובים בטופס אחד)","(no folder)","active but idle","Webhook — טופס איחוד אירועים - מרובה אירועים","Website / incoming form · Airtable · Google Calendar · Pipedrive · Google Sheets · Google Drive","receives a form/web submission → looks up an Airtable record → branches on conditions → reads the calendar → deletes the calendar event → looks for an existing company in Pipedrive → branches on conditions → reads deals from Pipedrive → looks for an existing company in Pipedrive → reads deals from Pipedrive → reads a Google Sheet → writes a row to a Google Sheet → reads deals from Pipedrive → branches on conditions → handles a Drive file → updates the deal in Pipedrive → reads deals from Pipedrive → reads the calendar → updates the calendar event → branches on conditions → loops over items → looks up an Airtable record → reads the calendar → calls another automation / external service","","Confirm with the business whether this path should still carry traffic","Requires my decision","Active but no runs in the retained window — cannot tell ""no traffic"" from ""silently broken"".","0","0","","",""
"430339","טופס איחוד אירועים מעדכן יומן ופייפדרייב (המשך אם יש אירועים מרובים)","(no folder)","active but idle","Webhook — טופס איחוד אירועים (המשך אם יש אירועים מרובים)","Website / incoming form · Google Calendar · Pipedrive · Google Sheets · Google Drive","receives a form/web submission → deletes the calendar event → looks for an existing company in Pipedrive → branches on conditions → reads deals from Pipedrive → looks for an existing company in Pipedrive → reads deals from Pipedrive → reads a Google Sheet → writes a row to a Google Sheet → reads deals from Pipedrive → branches on conditions → handles a Drive file → updates the deal in Pipedrive → reads deals from Pipedrive → reads the calendar → updates the calendar event","","Confirm with the business whether this path should still carry traffic","Requires my decision","Active but no runs in the retained window — cannot tell ""no traffic"" from ""silently broken"".","0","0","","",""
"445168","כפתור באיירטייבל להוספת ניסוח מייל מיידי","(no folder)","active but idle","Webhook — הוספת מייל מיידי חדש בכפתור איירטייבל","Website / incoming form · Airtable · Pipedrive","receives a form/web submission → looks up an Airtable record → reads/writes Pipedrive → loops over items → reads/writes Pipedrive → updates an Airtable record","","Confirm with the business whether this path should still carry traffic","Requires my decision","Active but no runs in the retained window — cannot tell ""no traffic"" from ""silently broken"".","0","0","","",""
"430342","לקוח מאשר תאריך חלופי > עדכון לפייפדרייב","(no folder)","active but idle","Webhook — לקוח עסקי מאשר שינוי תאריך/שעה","Website / incoming form · Pipedrive · Gmail","receives a form/web submission → reads deals from Pipedrive → branches on conditions → updates the deal in Pipedrive → writes a note on the Pipedrive deal → sends an email → writes a note on the Pipedrive deal","","Confirm with the business whether this path should still carry traffic","Requires my decision","Active but no runs in the retained window — cannot tell ""no traffic"" from ""silently broken"".","0","0","","",""
"3190312","מחיקת הודעות וואצאפ מהפייפ ומאיירטייבל","(no folder)","active but idle","Webhook — כפתור למחיקת ערך בשדה דרופדאון בפייפ","Website / incoming form · Airtable · Pipedrive","receives a form/web submission → looks up an Airtable record → reads/writes Pipedrive → deletes an Airtable record","","Confirm with the business whether this path should still carry traffic","Requires my decision","Active but no runs in the retained window — cannot tell ""no traffic"" from ""silently broken"".","0","0","","",""
"430334","מילוי טופס פורמס שיחות מכירה מעדכן פייפדרייב","(no folder)","active but idle","Webhook — טופס פורמס תסריט שיחת מכירה","Website / incoming form · Pipedrive","receives a form/web submission → writes a note on the Pipedrive deal → updates the deal in Pipedrive","","Confirm with the business whether this path should still carry traffic","Requires my decision","Active but no runs in the retained window — cannot tell ""no traffic"" from ""silently broken"".","0","0","","",""
"430330","מילוי טופס שיחת משוב בפורמס > עדכון לאיירטייבל ולפייפדרייב","(no folder)","active but idle","Webhook — גוגל פורמס שיחות משוב","Website / incoming form · Airtable · Pipedrive","receives a form/web submission → branches on conditions → looks up an Airtable record → updates an Airtable record → reads deals from Pipedrive → writes a note on the Pipedrive deal","","Confirm with the business whether this path should still carry traffic","Requires my decision","Active but no runs in the retained window — cannot tell ""no traffic"" from ""silently broken"".","0","0","","",""
"430311","מענה על שאלון לקראת פעילות מעדכן קובץ שיטס ופייפדרייב","(no folder)","active but idle","Webhook — שאלון לקראת פעילות","Website / incoming form · Pipedrive · Google Sheets · Google Drive","receives a form/web submission → branches on conditions → reads deals from Pipedrive → branches on conditions → handles deal products in Pipedrive → branches on conditions → reads a Google Sheet → writes a row to a Google Sheet → handles a Drive file → writes a row to a Google Sheet → updates the deal in Pipedrive → looks for an existing company in Pipedrive → updates the deal in Pipedrive → reads a Google Sheet → writes a row to a Google Sheet → handles a Drive file → writes a row to a Google Sheet → updates the deal in Pipedrive → looks for an existing company in Pipedrive → updates the deal in Pipedrive → handles deal products in Pipedrive → reads a Google Sheet → branches on conditions → writes a row to a Google Sheet → branches on conditions → writes a row to a Google Sheet","","Confirm with the business whether this path should still carry traffic","Requires my decision","Active but no runs in the retained window — cannot tell ""no traffic"" from ""silently broken"".","0","0","","",""
"430332","עדכון מהמייל על ביטול תזכורת תשלום ללקוח","(no folder)","active but idle","Webhook — ביטול תזכורת תשלום ללקוח מהמייל","Website / incoming form · Pipedrive","receives a form/web submission → updates the deal in Pipedrive","","Confirm with the business whether this path should still carry traffic","Requires my decision","Active but no runs in the retained window — cannot tell ""no traffic"" from ""silently broken"".","0","0","","",""
"430351","שינוי תאריך/שעה - שליחה ללקוח לאישור ועדכון ליומן אם כבר יש אירוע","(no folder)","active but idle","Webhook — שינוי תאריך/שעה לדיל לקוח עסקי","Website / incoming form · Pipedrive · Airtable · Gmail · Google Calendar","receives a form/web submission → reads deals from Pipedrive → branches on conditions → reads/writes Pipedrive → looks up the contact in Pipedrive → handles deal products in Pipedrive → normalises the Israeli phone number → updates the deal in Pipedrive → looks up an Airtable record → sends an email → looks up an Airtable record → reads the calendar → looks up an Airtable record → updates the calendar event → sends an email → looks up the contact in Pipedrive → handles deal products in Pipedrive → normalises the Israeli phone number → sends an email → writes a note on the Pipedrive deal → looks up an Airtable record → reads the calendar → looks up an Airtable record → updates the calendar event → sends an email","","Confirm with the business whether this path should still carry traffic","Requires my decision","Active but no runs in the retained window — cannot tell ""no traffic"" from ""silently broken"".","0","0","","",""
"1914956","תשובות של טופס עדכון איש כספים ואיש שנוכח בפעילות\","(no folder)","active but idle","Webhook — טופס עדכון פרטים","Website / incoming form · Airtable · Pipedrive","receives a form/web submission → looks up an Airtable record → reads deals from Pipedrive → updates an Airtable record → writes a note on the Pipedrive deal → branches on conditions → reads/writes Pipedrive → branches on conditions → creates the contact in Pipedrive → reads/writes Pipedrive → branches on conditions → creates the contact in Pipedrive → updates the deal in Pipedrive","","Confirm with the business whether this path should still carry traffic","Requires my decision","Active but no runs in the retained window — cannot tell ""no traffic"" from ""silently broken"".","0","0","","",""
"2084319","CHECK EVENT IN GGOGLE CALENDAR","(no folder)","inactive","Scheduled every 15 min","Google Calendar","reads the calendar","","","Can shut down now","Already inactive; no retained run history. Kept only as a record.","0","0","","",""
"3711041","Integration Airtable","(no folder)","inactive","Scheduled every 15 min","Airtable","looks up an Airtable record","","","Can shut down now","Already inactive; no retained run history. Kept only as a record.","0","0","","",""
"2066050","Integration Bitly","(no folder)","inactive","Scheduled every 15 min","Pipedrive · Link shortener","looks up the contact in Pipedrive → shortens a link","","","Can shut down now","Already inactive; no retained run history. Kept only as a record.","0","0","","",""
"4498021","Integration Facebook Lead Ads","(no folder)","inactive","Facebook/Instagram lead form","Facebook Lead Ads","receives a Facebook/Instagram lead","","","Can shut down now","Already inactive; no retained run history. Kept only as a record.","0","0","","",""
"3136312","Integration Pipedrive CRM","(no folder)","inactive","Scheduled every 15 min","Pipedrive","reads/writes Pipedrive","","","Can shut down now","Already inactive; no retained run history. Kept only as a record.","0","0","","",""
"3170013","Integration Pipedrive CRM","(no folder)","inactive","Scheduled every 15 min","Pipedrive","reads/writes Pipedrive","","","Can shut down now","Already inactive; no retained run history. Kept only as a record.","0","0","","",""
"3225208","Integration Pipedrive CRM","(no folder)","inactive","Scheduled every 15 min","Pipedrive","reads/writes Pipedrive","","","Can shut down now","Already inactive; no retained run history. Kept only as a record.","0","0","","",""
"4452731","Integration Pipedrive CRM","(no folder)","inactive","Scheduled every 15 min","Pipedrive","handles deal products in Pipedrive","","","Can shut down now","Already inactive; no retained run history. Kept only as a record.","0","0","","",""
"4452753","Integration Pipedrive CRM","(no folder)","inactive","Scheduled every 15 min","Pipedrive","handles deal products in Pipedrive","","","Can shut down now","Already inactive; no retained run history. Kept only as a record.","0","0","","",""
"3823009","Integration Pipedrive CRM, Airtable","(no folder)","inactive","Scheduled every 15 min","Pipedrive · Airtable","reads deals from Pipedrive → looks up an Airtable record → updates an Airtable record","","","Can shut down now","Already inactive; no retained run history. Kept only as a record.","0","0","","",""
"3086104","Integration Pipedrive CRM, Tools","(no folder)","inactive","Scheduled every 15 min","Pipedrive","reads/writes Pipedrive","","","Can shut down now","Already inactive; no retained run history. Kept only as a record.","0","0","","",""
"3857770","Integration Short.io","(no folder)","inactive","Scheduled every 15 min","Link shortener","shortens a link","","","Can shut down now","Already inactive; no retained run history. Kept only as a record.","0","0","","",""
"1984383","Integration Wassenger","(no folder)","inactive","Scheduled every 15 min","WhatsApp (Wassenger)","sends a WhatsApp message","","","Can shut down now","Already inactive; no retained run history. Kept only as a record.","0","0","","",""
"2686481","Integration Webhooks","(no folder)","inactive","Webhook — New contact in wassenger","Website / incoming form","receives a form/web submission","","","Can shut down now","Already inactive; no retained run history. Kept only as a record.","0","0","","",""
"1927699","Replace Connections Across Make Account [Airtable]","(no folder)","inactive","Scheduled every 15 min","","(no readable steps — blueprint empty or unusual)","","","Can shut down now","Already inactive; no retained run history. Kept only as a record.","0","0","","",""
"4631786","הבאת סיורים להכשרת מדריכים","(no folder)","inactive","Webhook — incoming form/system call","Website / incoming form · Airtable","receives a form/web submission → looks up an Airtable record → calls another automation / external service","","","Can shut down now","Already inactive; no retained run history. Kept only as a record.","0","0","","",""
"454247","חיפוש אירוע ביומן","(no folder)","inactive","Scheduled every 15 min","Airtable · Google Calendar","looks up an Airtable record → branches on conditions → reads the calendar","","","Can shut down now","Already inactive; no retained run history. Kept only as a record.","0","0","","",""
"430327","טופס איחוד אירועים מעדכן יומן ופייפדרייב","(no folder)","inactive","Webhook — טופס איחוד אירועים","Website / incoming form · Airtable · Google Calendar · Pipedrive · Google Sheets · Google Drive","receives a form/web submission → looks up an Airtable record → branches on conditions → reads the calendar → deletes the calendar event → looks for an existing company in Pipedrive → branches on conditions → reads deals from Pipedrive → looks for an existing company in Pipedrive → reads deals from Pipedrive → reads a Google Sheet → writes a row to a Google Sheet → reads deals from Pipedrive → branches on conditions → handles a Drive file → updates the deal in Pipedrive → reads deals from Pipedrive → reads the calendar → updates the calendar event","","","Can shut down now","Already inactive; no retained run history. Kept only as a record.","0","0","","",""
"430302","יצירת קישורים לסוכנויות ומפיקים","(no folder)","inactive","Scheduled every 15 min","Pipedrive · Link shortener","reads/writes Pipedrive → shortens a link → reads/writes Pipedrive","","","Can shut down now","Already inactive; no retained run history. Kept only as a record.","0","0","","",""
"4038842","יצירת תיקייה בגוגל פוטוז","(no folder)","inactive","Webhook — יצירת תיקייה בגוגל פוטוז","Website / incoming form","receives a form/web submission","","","Can shut down now","Already inactive; no retained run history. Kept only as a record.","0","0","","",""
"430237","כל יום רביעי - משיכת מידע לקובץ נתוני קמפיינים","(no folder)","inactive","Scheduled (weekly)","Pipedrive · Google Sheets","reads deals from Pipedrive → reads/writes Pipedrive → handles deal products in Pipedrive → writes a row to a Google Sheet","","","Can shut down now","Already inactive; no retained run history. Kept only as a record.","0","0","","",""
"430350","לידים מקמפיין חידה בסמוב > נכנסים לפייפדרייב ומקבלים מייל+קופון","(no folder)","inactive","Webhook — קמפיין חידה - נרשמים מסמוב","Website / incoming form · Pipedrive · WooCommerce (website shop) · Gmail","receives a form/web submission → normalises the Israeli phone number → looks for an existing company in Pipedrive → branches on conditions → creates a website coupon → sends an email → branches on conditions → updates the contact in Pipedrive → reads/writes Pipedrive → branches on conditions → creates a deal in Pipedrive → writes a note on the Pipedrive deal → creates the contact in Pipedrive → creates a deal in Pipedrive","","","Can shut down now","Already inactive; no retained run history. Kept only as a record.","0","0","","",""
"430305","לקוחות עסקיים - מייל למשרד עבור תזכורות לתשלום","(no folder)","inactive","Scheduled (daily)","Pipedrive · Gmail","reads deals from Pipedrive → branches on conditions → sends an email","","","Can shut down now","Already inactive; no retained run history. Kept only as a record.","0","0","","",""
"430285","לקוחות עסקיים - מייל למשרד עבור תזכורות לתשלום (גיבוי)","(no folder)","inactive","Scheduled (daily)","Pipedrive · Gmail","reads deals from Pipedrive → branches on conditions → sends an email","","","Can shut down now","Already inactive; no retained run history. Kept only as a record.","0","0","","",""
"430287","לקוחות עסקיים - פולואפים אוטומטיים במייל (גיבוי)","(no folder)","inactive","Scheduled (daily)","Pipedrive · iCount · Airtable · Gmail","reads deals from Pipedrive → looks up the contact in Pipedrive → reads/writes Pipedrive → talks to iCount → calls another automation / external service → normalises the Israeli phone number → branches on conditions → looks up an Airtable record → sends an email → updates the deal in Pipedrive → looks up an Airtable record → sends an email → updates the deal in Pipedrive","","","Can shut down now","Already inactive; no retained run history. Kept only as a record.","0","0","","",""
"430284","לקוחות עסקיים - תזכורת לקראת פעילות + תזכורות לתשלום (ישן)","(no folder)","inactive","Scheduled (daily)","Pipedrive · Airtable · Link shortener · Gmail","reads deals from Pipedrive → looks up the contact in Pipedrive → handles deal products in Pipedrive → branches on conditions → reads/writes Pipedrive → branches on conditions → looks up an Airtable record → branches on conditions → looks up an Airtable record → shortens a link → sends an email → looks up an Airtable record → shortens a link → sends an email → looks up an Airtable record → branches on conditions → looks up an Airtable record → shortens a link → sends an email → looks up an Airtable record → shortens a link → sends an email → branches on conditions → sends an email → normalises the Israeli phone number → calls another automation / external service → sends an email → normalises the Israeli phone number → calls another automation / external service → branches on conditions → normalises the Israeli phone number → branches on conditions → sends an email → calls another automation / external service → sends an email → calls another automation / external service","","","Can shut down now","Already inactive; no retained run history. Kept only as a record.","0","0","","",""
"430269","לקוחות עסקיים - תזכורת לקראת פעילות + תזכורות לתשלום (שבת - ערב)","(no folder)","inactive","Scheduled (daily)","Pipedrive · Airtable · Link shortener · Gmail · WhatsApp (Wassenger)","reads deals from Pipedrive → looks up the contact in Pipedrive → handles deal products in Pipedrive → branches on conditions → reads/writes Pipedrive → branches on conditions → looks up an Airtable record → branches on conditions → looks up an Airtable record → shortens a link → sends an email → looks up an Airtable record → branches on conditions → looks up an Airtable record → shortens a link → sends an email → looks up an Airtable record → branches on conditions → looks up an Airtable record → shortens a link → sends an email → looks up an Airtable record → branches on conditions → looks up an Airtable record → shortens a link → sends an email → looks up an Airtable record → branches on conditions → looks up an Airtable record → shortens a link → sends an email → looks up an Airtable record → branches on conditions → looks up an Airtable record → shortens a link → sends an email → branches on conditions → sends an email → normalises the Israeli phone number → sends a WhatsApp message → sends an email → normalises the Israeli phone number → sends a WhatsApp message → branches on conditions → normalises the Israeli phone number → branches on conditions → sends an email → sends a WhatsApp message → sends an email → sends a WhatsApp message","","","Can shut down now","Already inactive; no retained run history. Kept only as a record.","0","0","","",""
"430268","לקוחות עסקיים - תזכורת לתשלום ביום הפעילות עבור הלקוח + המדריך","(no folder)","inactive","Scheduled (daily)","Pipedrive · Airtable · iCount · Gmail · WhatsApp (Wassenger)","reads deals from Pipedrive → looks up the contact in Pipedrive → reads/writes Pipedrive → branches on conditions → looks up an Airtable record → talks to iCount → calls another automation / external service → sends an email → looks up an Airtable record → talks to iCount → calls another automation / external service → sends an email → looks up an Airtable record → branches on conditions → calls another automation / external service → sends a WhatsApp message","","","Can shut down now","Already inactive; no retained run history. Kept only as a record.","0","0","","",""
"430276","לקוחות פרטיים ועסקיים (לא סוכנויות ומפיקים) - מייל+וואטסאפ חודש אחרי פעילות","(no folder)","inactive","Scheduled (daily)","Pipedrive · Airtable · Gmail · WhatsApp (Wassenger)","reads deals from Pipedrive → branches on conditions → handles deal products in Pipedrive → branches on conditions → looks up an Airtable record → branches on conditions → looks up the contact in Pipedrive → branches on conditions → sends an email → branches on conditions → sends an email → normalises the Israeli phone number → branches on conditions → sends a WhatsApp message → branches on conditions → sends a WhatsApp message → looks up an Airtable record → branches on conditions → looks up the contact in Pipedrive → branches on conditions → sends an email → branches on conditions → sends an email → normalises the Israeli phone number → branches on conditions → sends a WhatsApp message → branches on conditions → sends a WhatsApp message","","","Can shut down now","Already inactive; no retained run history. Kept only as a record.","0","0","","",""
"430318","לקוחות פרטיים ועסקיים - מייל+וואטסאפ יומיים אחרי פעילות לאנשים נוספים שמילאו שאלון","(no folder)","inactive","Webhook — My gateway-webhook webhook","Website / incoming form · Pipedrive · Airtable · Google Sheets · Gmail · WhatsApp (Wassenger)","receives a form/web submission → reads deals from Pipedrive → looks up an Airtable record → branches on conditions → reads a Google Sheet → sends an email → branches on conditions → reads a Google Sheet → sends an email → branches on conditions → reads a Google Sheet → normalises the Israeli phone number → sends a WhatsApp message → writes a row to a Google Sheet → branches on conditions → reads a Google Sheet → normalises the Israeli phone number → sends a WhatsApp message → writes a row to a Google Sheet","","","Can shut down now","Already inactive; no retained run history. Kept only as a record.","0","0","","",""
"430260","לקוחות פרטיים - מייל+וואטסאפ יומיים אחרי פעילות","(no folder)","inactive","Scheduled (daily)","Pipedrive · Airtable · WooCommerce (website shop) · Gmail · WhatsApp (Wassenger)","reads deals from Pipedrive → handles deal products in Pipedrive → branches on conditions → looks up an Airtable record → branches on conditions → creates a website coupon → looks up the contact in Pipedrive → branches on conditions → sends an email → branches on conditions → sends an email → normalises the Israeli phone number → branches on conditions → sends a WhatsApp message → branches on conditions → sends a WhatsApp message → calls another automation / external service","","","Can shut down now","Already inactive; no retained run history. Kept only as a record.","0","0","","",""
"430238","מדי לילה - משיכת נתוני סגירות דו""ח יומי לגיליון נתונים + שליחה בקבוצת וואטסאפ המצב היום","(no folder)","auto-disabled by outage","Scheduled (daily)","Pipedrive · Google Sheets · iCount · WhatsApp (Wassenger)","reads deals from Pipedrive → branches on conditions → writes a row to a Google Sheet → reads deals from Pipedrive → issues an accounting document (iCount) → talks to iCount → issues an accounting document (iCount) → talks to iCount → reads/writes Make storage → reads deals from Pipedrive → sends a WhatsApp message → branches on conditions → reads/writes Make storage","varies","Confirm whether the business still wants this behaviour at all","Requires my decision","Auto-disabled by Make during the Pipedrive 429 outage (2026-07-30..08-02), NOT by a decision.","31","2","2026-07-30T19:00:05.564Z","",""
"430297","מיזוג אנשי קשר פעם ביום","(no folder)","auto-disabled by outage","Scheduled (daily)","Pipedrive","looks up the contact in Pipedrive → normalises the Israeli phone number → looks for an existing company in Pipedrive → branches on conditions → calls another automation / external service","varies","Confirm whether the business still wants this behaviour at all","Requires my decision","Auto-disabled by Make during the Pipedrive 429 outage (2026-07-30..08-02), NOT by a decision.","30","2","2026-07-30T21:30:02.407Z","",""
"430300","מייל למשרד עם סיכום פולואפים למחר נשלח מדי ערב","(no folder)","auto-disabled by outage","Scheduled (daily)","Pipedrive · Gmail","reads deals from Pipedrive → reads/writes Pipedrive → branches on conditions → reads deals from Pipedrive → reads/writes Pipedrive → reads deals from Pipedrive → reads/writes Pipedrive → sends an email → reads deals from Pipedrive → reads/writes Pipedrive → reads deals from Pipedrive → reads/writes Pipedrive → sends an email → reads deals from Pipedrive → reads/writes Pipedrive → reads deals from Pipedrive → reads/writes Pipedrive → sends an email → reads deals from Pipedrive → reads/writes Pipedrive → reads deals from Pipedrive → reads/writes Pipedrive → sends an email → reads deals from Pipedrive → reads/writes Pipedrive → reads deals from Pipedrive → reads/writes Pipedrive → sends an email","varies","Confirm whether the business still wants this behaviour at all","Requires my decision","Auto-disabled by Make during the Pipedrive 429 outage (2026-07-30..08-02), NOT by a decision.","30","2","2026-07-30T17:00:06.219Z","",""
"430265","מייל למשרד עם סיכום תזכורות תשלום למחר נשלח מדי ערב","(no folder)","auto-disabled by outage","Scheduled (daily)","Pipedrive · Gmail","reads deals from Pipedrive → branches on conditions → reads/writes Pipedrive → sends an email","varies","Confirm whether the business still wants this behaviour at all","Requires my decision","Auto-disabled by Make during the Pipedrive 429 outage (2026-07-30..08-02), NOT by a decision.","30","2","2026-07-30T17:00:05.305Z","",""
"430280","מילוי טופס שיחת משוב בפורמס > עדכון לפייפדרייב רטרואקטיבי","(no folder)","inactive","Scheduled every 15 min","Google Sheets · Pipedrive","reads a Google Sheet → branches on conditions → reads deals from Pipedrive → writes a note on the Pipedrive deal","","","Can shut down now","Already inactive; no retained run history. Kept only as a record.","0","0","","",""
"2580984"," סוכנויות ומפיקים - מייל שנה אחרי פעילות","(no folder)","inactive","Scheduled (daily)","Pipedrive","reads deals from Pipedrive → handles deal products in Pipedrive → calls another automation / external service","","","Can shut down now","Already inactive; no retained run history. Kept only as a record.","0","0","","",""
"430275","סיורים אתמול - העתקה לטבלת שיחות משוב באיירטייבל","(no folder)","inactive","Scheduled (daily)","Pipedrive · Airtable","reads deals from Pipedrive → handles deal products in Pipedrive → reads/writes Pipedrive → creates an Airtable record → looks up an Airtable record → updates an Airtable record","","","Can shut down now","Already inactive; no retained run history. Kept only as a record.","0","0","","",""
"430304","סיורים מאתמול - הכנסת נתונים לגיליון נתונים יומיים ושליחה לאלינוי (גיבוי)","(no folder)","inactive","Scheduled (daily)","Pipedrive · Google Sheets · Gmail","reads deals from Pipedrive → handles deal products in Pipedrive → reads/writes Pipedrive → writes a row to a Google Sheet → sends an email","","","Can shut down now","Already inactive; no retained run history. Kept only as a record.","0","0","","",""
"430303","סיורים מאתמול - הכנסת נתונים לקובץ חישוב שכר ושליחה לאלינוי (גיבוי)","(no folder)","inactive","Scheduled (daily)","Pipedrive · Google Sheets · Gmail","reads deals from Pipedrive → handles deal products in Pipedrive → writes a row to a Google Sheet → sends an email","","","Can shut down now","Already inactive; no retained run history. Kept only as a record.","0","0","","",""
"430270","סיורים מאתמול - הכנסת נתונים לקובץ נתונים יומיים+שכר ושליחה לאלינוי (איחוד)","(no folder)","inactive","Scheduled (daily)","Pipedrive · Google Sheets · Gmail · Airtable","reads deals from Pipedrive → handles deal products in Pipedrive → reads/writes Pipedrive → writes a row to a Google Sheet → branches on conditions → writes a row to a Google Sheet → branches on conditions → writes a row to a Google Sheet → reads a Google Sheet → sends an email → looks up an Airtable record → writes a row to a Google Sheet","","","Can shut down now","Already inactive; no retained run history. Kept only as a record.","0","0","","",""
"2466375","עדכון דילים בלינק לסלקיה ללקוח - היסטורי","(no folder)","inactive","Scheduled every 15 min","Pipedrive","reads deals from Pipedrive → updates the deal in Pipedrive","","","Can shut down now","Already inactive; no retained run history. Kept only as a record.","0","0","","",""
"430255","רכישה מהאתר - בדיקה מול יומנים מרובים","(no folder)","inactive","Scheduled (daily)","WooCommerce (website shop) · Airtable · Google Calendar","reads the website order → looks up an Airtable record → reads the calendar → loops over items → branches on conditions → loops over items → branches on conditions → updates the calendar event → creates a calendar event","","","Can shut down now","Already inactive; no retained run history. Kept only as a record.","0","0","","",""
"430313","רכישה מהאתר > מייל אישור > עדכון ליומן > הוצאת קבלה > עדכון לפייפדרייב","(no folder)","inactive","Webhook — My gateway-webhook webhook","Website / incoming form · WooCommerce (website shop) · Pipedrive · Airtable · Gmail · Google Calendar · Google Drive · iCount · WhatsApp (Wassenger)","receives a form/web submission → branches on conditions → reads the website order → normalises the Israeli phone number → looks for an existing company in Pipedrive → looks up an Airtable record → branches on conditions → loops over items → branches on conditions → sends an email → looks up an Airtable record → sends an email → looks up an Airtable record → sends an email → branches on conditions → looks up an Airtable record → reads the calendar → loops over items → branches on conditions → reads/writes Pipedrive → loops over items → branches on conditions → updates the calendar event → creates a Google Drive folder → shares the Drive folder → creates a calendar event → creates a Google Drive folder → shares the Drive folder → branches on conditions → reads/writes Pipedrive → creates a calendar event → branches on conditions → creates a calendar event → calls another automation / external service → branches on conditions → issues an accounting document (iCount) → branches on conditions → updates the contact in Pipedrive → branches on conditions → creates a deal in Pipedrive → handles deal products in Pipedrive → reads/writes Pipedrive → branches on conditions → reads deals from Pipedrive → branches on conditions → updates the deal in Pipedrive → handles deal products in Pipedrive → branches on conditions → handles deal products in Pipedrive → writes a note on the Pipedrive deal → creates a deal in Pipedrive → handles deal products in Pipedrive → creates the contact in Pipedrive → creates a deal in Pipedrive → handles deal products in Pipedrive → branches on conditions → updates the contact in Pipedrive → branches on conditions → creates a deal in Pipedrive → handles deal products in Pipedrive → calls another automation / external service → reads/writes Pipedrive → branches on conditions → reads deals from Pipedrive → updates the deal in Pipedrive → branches on conditions → handles deal products in Pipedrive → branches on conditions → handles deal products in Pipedrive → calls another automation / external service → reads/writes Pipedrive → reads the calendar → updates the calendar event → loops over items → sends an email → creates the contact in Pipedrive → creates a deal in Pipedrive → handles deal products in Pipedrive → calls another automation / external service → reads/writes Pipedrive → creates a calendar event → calls another automation / external service → loops over items → branches on conditions → sends a WhatsApp message → sends an email → sends a WhatsApp message → sends an email","","","Can shut down now","Already inactive; no retained run history. Kept only as a record.","0","0","","",""
"612620","רכישה מהאתר > מייל אישור > עדכון ליומן > הוצאת קבלה > עדכון לפייפדרייב (גיבוי 12.1.23)","(no folder)","inactive","Webhook — My gateway-webhook webhook","Website / incoming form · WooCommerce (website shop) · Pipedrive · Airtable · Gmail · Google Calendar · Google Drive · iCount · WhatsApp (Wassenger)","receives a form/web submission → branches on conditions → reads the website order → normalises the Israeli phone number → looks for an existing company in Pipedrive → looks up an Airtable record → branches on conditions → loops over items → branches on conditions → sends an email → looks up an Airtable record → sends an email → looks up an Airtable record → sends an email → branches on conditions → looks up an Airtable record → reads the calendar → loops over items → branches on conditions → reads/writes Pipedrive → loops over items → branches on conditions → updates the calendar event → creates a Google Drive folder → shares the Drive folder → creates a calendar event → creates a Google Drive folder → shares the Drive folder → branches on conditions → reads/writes Pipedrive → creates a calendar event → branches on conditions → creates a calendar event → calls another automation / external service → branches on conditions → issues an accounting document (iCount) → branches on conditions → updates the contact in Pipedrive → branches on conditions → creates a deal in Pipedrive → handles deal products in Pipedrive → reads/writes Pipedrive → branches on conditions → reads deals from Pipedrive → branches on conditions → updates the deal in Pipedrive → handles deal products in Pipedrive → branches on conditions → handles deal products in Pipedrive → writes a note on the Pipedrive deal → creates a deal in Pipedrive → handles deal products in Pipedrive → creates the contact in Pipedrive → creates a deal in Pipedrive → handles deal products in Pipedrive → branches on conditions → updates the contact in Pipedrive → branches on conditions → creates a deal in Pipedrive → handles deal products in Pipedrive → calls another automation / external service → reads/writes Pipedrive → branches on conditions → reads deals from Pipedrive → updates the deal in Pipedrive → branches on conditions → handles deal products in Pipedrive → branches on conditions → handles deal products in Pipedrive → calls another automation / external service → reads/writes Pipedrive → reads the calendar → updates the calendar event → loops over items → sends an email → creates the contact in Pipedrive → creates a deal in Pipedrive → handles deal products in Pipedrive → calls another automation / external service → reads/writes Pipedrive → creates a calendar event → calls another automation / external service → loops over items → branches on conditions → sends a WhatsApp message → sends an email → sends a WhatsApp message → sends an email","","","Can shut down now","Already inactive; no retained run history. Kept only as a record.","0","0","","",""
"430281","שליחת לינקים אישיים לאנשי קשר תחת סוכנויות","(no folder)","inactive","Scheduled every 15 min","Pipedrive · Gmail","looks up the contact in Pipedrive → sends an email","","","Can shut down now","Already inactive; no retained run history. Kept only as a record.","0","0","","",""
"430283","תזכורות למדריכים לקראת פעילות (גיבוי)","(no folder)","inactive","Scheduled (daily)","Pipedrive · Airtable","reads deals from Pipedrive → branches on conditions → normalises the Israeli phone number → handles deal products in Pipedrive → looks up an Airtable record → branches on conditions → calls another automation / external service → looks up an Airtable record → branches on conditions → calls another automation / external service","","","Can shut down now","Already inactive; no retained run history. Kept only as a record.","0","0","","",""
"430310","[1] מילוי טופס פנימי לקוחות עסקיים (או לקוח פרטי שצריך הצעה) > מעדכן פייפדרייב ושולח קריאה לוובהוק","ארכיון","inactive","Webhook — טופס פנימי לקוחות עסקיים","Website / incoming form · Pipedrive · Airtable · Link shortener","receives a form/web submission → normalises the Israeli phone number → looks for an existing company in Pipedrive → branches on conditions → creates the contact in Pipedrive → branches on conditions → creates a deal in Pipedrive → looks up an Airtable record → handles deal products in Pipedrive → calls another automation / external service → creates a company in Pipedrive → branches on conditions → updates the contact in Pipedrive → creates a deal in Pipedrive → handles deal products in Pipedrive → calls another automation / external service → shortens a link → reads/writes Pipedrive → shortens a link → reads/writes Pipedrive → branches on conditions → reads/writes Pipedrive → updates the contact in Pipedrive → branches on conditions → creates a deal in Pipedrive → handles deal products in Pipedrive → calls another automation / external service → reads/writes Pipedrive → branches on conditions → updates the deal in Pipedrive → branches on conditions → handles deal products in Pipedrive → calls another automation / external service → creates a deal in Pipedrive → handles deal products in Pipedrive → calls another automation / external service → creates a company in Pipedrive → updates the contact in Pipedrive → branches on conditions → creates a deal in Pipedrive → handles deal products in Pipedrive → calls another automation / external service → reads/writes Pipedrive → branches on conditions → updates the deal in Pipedrive → branches on conditions → handles deal products in Pipedrive → calls another automation / external service → creates a deal in Pipedrive → handles deal products in Pipedrive → calls another automation / external service → updates the contact in Pipedrive → creates a company in Pipedrive → branches on conditions → creates a deal in Pipedrive → looks up an Airtable record → handles deal products in Pipedrive → calls another automation / external service → reads/writes Pipedrive → updates the deal in Pipedrive → branches on conditions → handles deal products in Pipedrive → calls another automation / external service","","","Can shut down now","Already inactive; no retained run history. Kept only as a record.","0","0","","",""
"430309","[2] דיל לקוחות עסקיים חדש (או לקוח פרטי שצריך הצעה) > שולח הצעת מחיר במייל+וואטסאפ עם קישור לטופס הזמנה ומעביר סטייג","ארכיון","inactive","Webhook — דיל לקוחות עסקיים חדש בפייפ","Website / incoming form · Pipedrive · iCount · Airtable · Gmail · WhatsApp (Wassenger)","receives a form/web submission → reads deals from Pipedrive → reads/writes Pipedrive → normalises the Israeli phone number → handles deal products in Pipedrive → branches on conditions → calls another automation / external service → reads/writes Pipedrive → issues an accounting document (iCount) → calls another automation / external service → reads/writes Pipedrive → branches on conditions → looks up an Airtable record → branches on conditions → sends an email → updates the deal in Pipedrive → looks up an Airtable record → branches on conditions → sends a WhatsApp message → creates a follow-up task in Pipedrive → looks up an Airtable record → branches on conditions → sends an email → updates the deal in Pipedrive → looks up an Airtable record → branches on conditions → creates a follow-up task in Pipedrive → branches on conditions → sends a WhatsApp message → looks up an Airtable record → branches on conditions → updates the deal in Pipedrive → branches on conditions → sends an email → writes a note on the Pipedrive deal","","","Can shut down now","Already inactive; no retained run history. Kept only as a record.","0","0","","",""
"430319","Closed 5.2.24 - דיל לקוח עסקי הופך לוון > עדכון סטייג' > הוצאת חשבון עסקה ושליחה במייל > עדכון ביומן","ארכיון","inactive","Incoming email","Pipedrive · Airtable · Google Calendar · Google Drive · iCount · Gmail · WhatsApp (Wassenger)","receives an incoming email → updates the deal in Pipedrive → reads deals from Pipedrive → branches on conditions → looks up an Airtable record → reads the calendar → deletes the calendar event → reads/writes Pipedrive → normalises the Israeli phone number → branches on conditions → calls another automation / external service → reads/writes Pipedrive → handles deal products in Pipedrive → reads/writes Pipedrive → handles deal products in Pipedrive → branches on conditions → looks up an Airtable record → branches on conditions → creates a Google Drive folder → shares the Drive folder → updates the deal in Pipedrive → handles deal products in Pipedrive → issues an accounting document (iCount) → calls another automation / external service → reads/writes Pipedrive → updates the deal in Pipedrive → handles deal products in Pipedrive → branches on conditions → looks up an Airtable record → branches on conditions → creates a calendar event → updates the deal in Pipedrive → creates a calendar event → looks up an Airtable record → branches on conditions → creates a calendar event → updates the deal in Pipedrive → creates a calendar event → branches on conditions → looks up an Airtable record → branches on conditions → sends an email → looks up an Airtable record → branches on conditions → sends an email → looks up an Airtable record → branches on conditions → sends an email → looks up an Airtable record → branches on conditions → sends an email → looks up an Airtable record → branches on conditions → sends an email → looks up an Airtable record → branches on conditions → sends an email → sends a WhatsApp message → handles deal products in Pipedrive → creates a calendar event → branches on conditions → creates a calendar event → reads/writes Pipedrive → loops over items → sends an email","","","Can shut down now","Already inactive; no retained run history. Kept only as a record.","0","0","","",""
"619425","בדיקת כמות פעולות במייק מדי יום","ארכיון","inactive","Scheduled (daily)","WhatsApp (Wassenger)","branches on conditions → sends a WhatsApp message","","","Can shut down now","Already inactive; no retained run history. Kept only as a record.","0","0","","",""
"430236","בדיקת מזהי ארגונים בפייפדרייב","ארכיון","inactive","Scheduled (daily)","Pipedrive · Gmail","reads/writes Pipedrive → sends an email","","","Can shut down now","Already inactive; no retained run history. Kept only as a record.","0","0","","",""
"430293","בכל 3 לחודש מושך נתוני סיורים מחודש קודם - הכנסת נתונים לגיליון נתונים מסכם","ארכיון","inactive","Scheduled (monthly)","Pipedrive · Google Sheets · Gmail","reads deals from Pipedrive → handles deal products in Pipedrive → branches on conditions → reads a Google Sheet → writes a row to a Google Sheet → reads a Google Sheet → writes a row to a Google Sheet → reads/writes Pipedrive → writes a row to a Google Sheet → sends an email","","","Can shut down now","Already inactive; no retained run history. Kept only as a record.","0","0","","",""
"526111","דו""ח יומי עסקאות והכנסות","ארכיון","inactive","Scheduled every 15 min","Pipedrive","reads deals from Pipedrive","","","Can shut down now","Already inactive; no retained run history. Kept only as a record.","0","0","","",""
"430328","טופס פאנזינג שולח הודעת וואטסאפ","ארכיון","inactive","Webhook — My gateway-webhook webhook","Website / incoming form · WhatsApp (Wassenger)","receives a form/web submission → normalises the Israeli phone number → sends a WhatsApp message","","","Can shut down now","Already inactive; no retained run history. Kept only as a record.","0","0","","",""
"430355","יצירת קישורים מקוצרים לסוכנויות/חברות הפקה חדשות-כובה על ידי גל ב21.5.25","ארכיון","inactive","Instant (watches a system for changes)","Pipedrive · Link shortener","reads/writes Pipedrive → branches on conditions → shortens a link → reads/writes Pipedrive → shortens a link → reads/writes Pipedrive","","","Can shut down now","Already inactive; no retained run history. Kept only as a record.","0","0","","",""
"430264","יצירת שאלון לקראת פעילות לסיורים בשבוע הקרוב - OFF","ארכיון","inactive","Scheduled (daily)","Pipedrive · Airtable · Google Sheets · Google Drive","reads deals from Pipedrive → handles deal products in Pipedrive → reads deals from Pipedrive → looks up an Airtable record → branches on conditions → reads a Google Sheet → writes a row to a Google Sheet → handles a Drive file → updates the deal in Pipedrive → looks for an existing company in Pipedrive → updates the deal in Pipedrive → reads a Google Sheet → writes a row to a Google Sheet → handles a Drive file → updates the deal in Pipedrive → looks for an existing company in Pipedrive → updates the deal in Pipedrive","","","Can shut down now","Already inactive; no retained run history. Kept only as a record.","0","0","","",""
"430336","כפתור שליחת מיילים מיידיים לסוכנים/מפיקים - נסגר ב-26.3.24","ארכיון","inactive","Incoming email","Pipedrive · Gmail · Airtable","receives an incoming email → looks up the contact in Pipedrive → branches on conditions → sends an email → looks up the contact in Pipedrive → branches on conditions → looks up an Airtable record → sends an email → looks up an Airtable record → sends an email → branches on conditions → looks up an Airtable record → sends an email → looks up an Airtable record → sends an email","","","Can shut down now","Already inactive; no retained run history. Kept only as a record.","0","0","","",""
"430286","לקוחות עסקיים - יום אחרי פעילות העברה לפייפליין גבייה + מייל סיכום פעילות (גיבוי)","ארכיון","inactive","Scheduled (daily)","Pipedrive · WooCommerce (website shop) · Airtable · Gmail","reads deals from Pipedrive → branches on conditions → handles deal products in Pipedrive → reads/writes Pipedrive → branches on conditions → creates a website coupon → looks up the contact in Pipedrive → branches on conditions → looks up an Airtable record → sends an email → branches on conditions → looks up an Airtable record → sends an email → looks up an Airtable record → sends an email → looks up an Airtable record → sends an email → looks up an Airtable record → calls another automation / external service → updates the deal in Pipedrive","","","Can shut down now","Already inactive; no retained run history. Kept only as a record.","0","0","","",""
"430263","לקוחות עסקיים - פולואפים אוטומטיים במייל OFFFF","ארכיון","inactive","Scheduled (daily)","Pipedrive · iCount · Airtable · Gmail","reads deals from Pipedrive → looks up the contact in Pipedrive → reads/writes Pipedrive → talks to iCount → calls another automation / external service → normalises the Israeli phone number → branches on conditions → looks up an Airtable record → updates the deal in Pipedrive → branches on conditions → sends an email → looks up an Airtable record → updates the deal in Pipedrive → branches on conditions → sends an email → branches on conditions → looks up an Airtable record → updates the deal in Pipedrive → branches on conditions → sends an email → looks up an Airtable record → updates the deal in Pipedrive → branches on conditions → sends an email → branches on conditions → looks up an Airtable record → updates the deal in Pipedrive → branches on conditions → sends an email → looks up an Airtable record → updates the deal in Pipedrive → branches on conditions → sends an email → branches on conditions → looks up an Airtable record → updates the deal in Pipedrive → branches on conditions → sends an email → looks up an Airtable record → updates the deal in Pipedrive → branches on conditions → sends an email","","","Can shut down now","Already inactive; no retained run history. Kept only as a record.","0","0","","",""
"430298","לקוחות עסקיים - תזכורת לקראת פעילות (גיבוי)","ארכיון","inactive","Scheduled (daily)","Pipedrive · Airtable · Link shortener · Gmail","reads deals from Pipedrive → looks up the contact in Pipedrive → reads/writes Pipedrive → handles deal products in Pipedrive → branches on conditions → looks up an Airtable record → shortens a link → sends an email → branches on conditions → looks up an Airtable record → shortens a link → sends an email → looks up an Airtable record → shortens a link → sends an email","","","Can shut down now","Already inactive; no retained run history. Kept only as a record.","0","0","","",""
"430257","לקוחות עסקיים - תזכורת לקראת פעילות + תזכורות לתשלום (ימות השבוע - בוקר)","ארכיון","inactive","Scheduled (daily)","Pipedrive · Airtable · Link shortener · Gmail · WhatsApp (Wassenger)","reads deals from Pipedrive → looks up the contact in Pipedrive → handles deal products in Pipedrive → branches on conditions → reads/writes Pipedrive → branches on conditions → looks up an Airtable record → branches on conditions → looks up an Airtable record → shortens a link → sends an email → looks up an Airtable record → branches on conditions → looks up an Airtable record → shortens a link → sends an email → looks up an Airtable record → branches on conditions → looks up an Airtable record → shortens a link → sends an email → looks up an Airtable record → branches on conditions → looks up an Airtable record → shortens a link → sends an email → looks up an Airtable record → branches on conditions → looks up an Airtable record → shortens a link → sends an email → looks up an Airtable record → branches on conditions → looks up an Airtable record → shortens a link → sends an email → branches on conditions → sends an email → normalises the Israeli phone number → sends a WhatsApp message → sends an email → normalises the Israeli phone number → sends a WhatsApp message → branches on conditions → normalises the Israeli phone number → branches on conditions → sends an email → sends a WhatsApp message → sends an email → sends a WhatsApp message","","","Can shut down now","Already inactive; no retained run history. Kept only as a record.","0","0","","",""
"430290","לקוחות עסקיים - תזכורת לקראת פעילות + תזכורות לתשלום (ימות השבוע - בוקר) (wassenger)","ארכיון","inactive","Scheduled (daily)","Pipedrive · iCount · Gmail · WhatsApp (Wassenger)","reads deals from Pipedrive → looks up the contact in Pipedrive → handles deal products in Pipedrive → talks to iCount → sends an email → calls another automation / external service → branches on conditions → sends an email → normalises the Israeli phone number → sends a WhatsApp message → sends an email → normalises the Israeli phone number → sends a WhatsApp message → branches on conditions → normalises the Israeli phone number → branches on conditions → sends an email → sends a WhatsApp message → sends an email → sends a WhatsApp message","","","Can shut down now","Already inactive; no retained run history. Kept only as a record.","0","0","","",""
"430348","לקוחות פרטיים - שליחת וואטסאפ מיידי OFF","ארכיון","inactive","Incoming email","Pipedrive · Airtable · WhatsApp (Wassenger)","receives an incoming email → reads deals from Pipedrive → looks up the contact in Pipedrive → branches on conditions → handles deal products in Pipedrive → branches on conditions → looks up an Airtable record → normalises the Israeli phone number → branches on conditions → sends a WhatsApp message → creates a follow-up task in Pipedrive → sends a WhatsApp message → creates a follow-up task in Pipedrive → sends a WhatsApp message → creates a follow-up task in Pipedrive → normalises the Israeli phone number → looks up an Airtable record → branches on conditions → sends a WhatsApp message → creates a follow-up task in Pipedrive","","","Can shut down now","Already inactive; no retained run history. Kept only as a record.","0","0","","",""
"430277","לקוחות פרטיים - תזכורות לקראת פעילות","ארכיון","inactive","Scheduled (daily)","Pipedrive · Airtable · Link shortener · Gmail · WhatsApp (Wassenger)","reads deals from Pipedrive → branches on conditions → looks up the contact in Pipedrive → handles deal products in Pipedrive → looks up an Airtable record → shortens a link → branches on conditions → sends an email → branches on conditions → sends an email → branches on conditions → sends an email → looks up the contact in Pipedrive → handles deal products in Pipedrive → looks up an Airtable record → shortens a link → branches on conditions → sends a WhatsApp message → branches on conditions → sends a WhatsApp message → branches on conditions → sends a WhatsApp message → looks up the contact in Pipedrive → handles deal products in Pipedrive → looks up an Airtable record → shortens a link → branches on conditions → sends a WhatsApp message → branches on conditions → sends a WhatsApp message","","","Can shut down now","Already inactive; no retained run history. Kept only as a record.","0","0","","",""
"430278","נסגר לבקשת אלינוי - 1.2.24בדיקת סיורים קרובים - אם לא מופיע שיבוץ מדריך בפייפדרייב","ארכיון","inactive","Scheduled (daily)","Pipedrive · Gmail","reads deals from Pipedrive → branches on conditions → sends an email","","","Can shut down now","Already inactive; no retained run history. Kept only as a record.","0","0","","",""
"1889735","נסגר לבקשת אלינוי 14.2.24 -אקטיבטי שיבוץ מדריך","ארכיון","inactive","Webhook — שיבוץ מדריך","Website / incoming form · Pipedrive","receives a form/web submission → creates a follow-up task in Pipedrive","","","Can shut down now","Already inactive; no retained run history. Kept only as a record.","0","0","","",""
"430294","סוכנויות ומפיקים - מייל שבוע אחרי פעילות עם קישור לטופס הזמנה חוזרת- OFF ON PURPOSE 20/7/25","ארכיון","inactive","Scheduled (daily)","Pipedrive · Airtable · Gmail","reads deals from Pipedrive → looks up the contact in Pipedrive → reads/writes Pipedrive → normalises the Israeli phone number → looks up an Airtable record → sends an email","","","Can shut down now","Already inactive; no retained run history. Kept only as a record.","0","0","","",""
"430250","עדכון מקור בשדה חדש","ארכיון","inactive","Scheduled every 15 min","Pipedrive · Google Sheets","reads deals from Pipedrive → reads a Google Sheet → updates the deal in Pipedrive","","","Can shut down now","Already inactive; no retained run history. Kept only as a record.","0","0","","",""
"430259","עובר כל יום על השיבוצים ביומן ומעדכן לפייפדרייב ולאיירטייבל","ארכיון","inactive","Scheduled (daily)","Airtable · Google Calendar · Pipedrive","looks up an Airtable record → reads the calendar → branches on conditions → looks for an existing company in Pipedrive → updates the deal in Pipedrive → looks up an Airtable record → updates an Airtable record","","","Can shut down now","Already inactive; no retained run history. Kept only as a record.","0","0","","",""
"430252","שליחת וואטסאפ חד פעמי - מצב בטחוני","ארכיון","inactive","Scheduled every 15 min","Pipedrive · WhatsApp (Wassenger)","reads deals from Pipedrive → normalises the Israeli phone number → sends a WhatsApp message","","","Can shut down now","Already inactive; no retained run history. Kept only as a record.","0","0","","",""
"430296","תזכורות למדריכים יום אחרי פעילות","ארכיון","inactive","Scheduled (daily)","Pipedrive · Airtable · WhatsApp (Wassenger)","reads deals from Pipedrive → branches on conditions → looks up an Airtable record → branches on conditions → sends a WhatsApp message","","","Can shut down now","Already inactive; no retained run history. Kept only as a record.","0","0","","",""
"430272","תזכורות למדריכים לקראת פעילות","ארכיון","inactive","Scheduled (daily)","Pipedrive · Airtable · WhatsApp (Wassenger)","reads deals from Pipedrive → branches on conditions → normalises the Israeli phone number → handles deal products in Pipedrive → looks up an Airtable record → branches on conditions → sends a WhatsApp message","","","Can shut down now","Already inactive; no retained run history. Kept only as a record.","0","0","","",""
"1889926","הוצאת חשבונית עסקה לאחר סגירה","דיל עבר לוון","live","Webhook — הוצאת חשבונית עסקה לקוח עסקי","Website / incoming form · Pipedrive · Airtable · iCount","receives a form/web submission → reads deals from Pipedrive → looks up the contact in Pipedrive → updates the deal in Pipedrive → looks up an Airtable record → reads/writes Pipedrive → handles deal products in Pipedrive → branches on conditions → talks to iCount → calls another automation / external service → branches on conditions → calls another automation / external service → updates the deal in Pipedrive → branches on conditions → looks up the contact in Pipedrive → reads/writes Pipedrive → updates the deal in Pipedrive → calls another automation / external service → reads/writes Pipedrive → calls another automation / external service → reads/writes Pipedrive → updates the deal in Pipedrive → branches on conditions → looks up the contact in Pipedrive","Native iCount module","Business-invoice parity not verified against iCount","Keep temporarily","Live, and GOS covers it only partly.","48","0","2026-07-31T05:26:55.045Z","",""
"4602660","הוצאת חשבונית עסקה לאחר סגירה 2","דיל עבר לוון","live","Scheduled (on-demand)","Airtable · Gmail","looks up an Airtable record → branches on conditions → normalises the Israeli phone number → sends an email → normalises the Israeli phone number → sends an email","Native iCount module","Same as above","Keep temporarily","Live, and GOS covers it only partly.","37","1","2026-07-28T14:55:39.810Z","",""
"728643","טופס עדכון סיור לפייפ 7 ixqlleyrtoxql7matrs1m5ueznq3h5s","דיל עבר לוון","live","Webhook — עדכון סיור מטופס הרשמה לפייפדרייב","Website / incoming form · Airtable · Pipedrive","receives a form/web submission → looks up an Airtable record → updates the deal in Pipedrive → writes a note on the Pipedrive deal → calls another automation / external service","","Unmapped — needs a business owner","Requires my decision","Live, no GOS replacement identified.","9","0","2026-07-28T07:55:50.157Z","",""
"889158","לאנדוליני לקוח - מילוי טופס הרשמה לסיור u88fvsgtaqhk5qgdh9fpy8oalwc95vty","דיל עבר לוון","live","Webhook — דיל הפך לWON","Website / incoming form · Pipedrive · Airtable · WhatsApp (Wassenger) · Gmail · Google Calendar","receives a form/web submission → looks up the contact in Pipedrive → reads deals from Pipedrive → handles deal products in Pipedrive → branches on conditions → handles deal products in Pipedrive → looks up an Airtable record → branches on conditions → looks up an Airtable record → branches on conditions → updates an Airtable record → looks up an Airtable record → branches on conditions → calls another automation / external service → updates an Airtable record → updates the deal in Pipedrive → branches on conditions → sends a WhatsApp message → sends an email → writes a note on the Pipedrive deal → updates the deal in Pipedrive → looks up an Airtable record → creates a calendar event → updates an Airtable record → updates the deal in Pipedrive → reads/writes Pipedrive → updates the deal in Pipedrive → creates an Airtable record → looks up an Airtable record → branches on conditions → updates an Airtable record → updates the deal in Pipedrive → handles deal products in Pipedrive → creates an Airtable record → updates an Airtable record → updates the deal in Pipedrive → branches on conditions → sends an email → writes a note on the Pipedrive deal","Confirmation Email + Tour Calendar + Files","Registration-form intake has no GOS form yet","Keep temporarily","Live, and GOS covers it only partly.","50","0","2026-07-31T05:22:38.234Z","",""
"965408","עדכון בדיל טופס הרשמה לסיור  e3wey951dfxns5fdm2at7yvs11k8tkmp","דיל עבר לוון","live","Webhook — עדכון בפייפ טופס עדכון סיור מהאיירטייבל לפייפ","Website / incoming form · Airtable · Pipedrive · Gmail","receives a form/web submission → looks up an Airtable record → branches on conditions → updates the deal in Pipedrive → handles deal products in Pipedrive → writes a note on the Pipedrive deal → calls another automation / external service → sends an email","Confirmation Email module","","Replace inside GOS","Live, and GOS already covers it completely. Disable after a 48h parity watch.","48","2","2026-07-31T05:22:07.118Z","",""
"1899057","עדכון שולם מהפייפ לאיירטייבל","דיל עבר לוון","live","Webhook — עדכון שולם מהפייפ לאיירטייבל","Website / incoming form · Airtable","receives a form/web submission → looks up an Airtable record → updates an Airtable record","GOS payment state","","Replace inside GOS","Live, and GOS already covers it completely. Disable after a 48h parity watch.","30","0","2026-08-02T07:10:18.535Z","",""
"889252","פתח תיקיה בגוגל דרייב","דיל עבר לוון","live","Webhook — סיור חדש באיירטייבל","Website / incoming form · Airtable · Google Drive · Pipedrive","receives a form/web submission → looks up an Airtable record → creates a Google Drive folder → updates an Airtable record → updates the deal in Pipedrive","Files module + Tour Gallery","","Replace inside GOS","Live, and GOS already covers it completely. Disable after a 48h parity watch.","50","0","2026-07-31T05:22:04.302Z","",""
"440477","רכישה מהאתר > מייל אישור > עדכון ליומן > הוצאת קבלה > עדכון לפייפדרייב","דיל עבר לוון","live","Webhook — רכישה באתר","Website / incoming form · Airtable · WooCommerce (website shop) · Pipedrive · iCount · Gmail · Google Calendar","receives a form/web submission → branches on conditions → looks up an Airtable record → creates an Airtable record → reads the website order → normalises the Israeli phone number → looks for an existing company in Pipedrive → looks up an Airtable record → branches on conditions → loops over items → branches on conditions → calls another automation / external service → branches on conditions → issues an accounting document (iCount) → branches on conditions → updates the contact in Pipedrive → branches on conditions → creates a deal in Pipedrive → handles deal products in Pipedrive → updates the deal in Pipedrive → reads/writes Pipedrive → branches on conditions → reads deals from Pipedrive → branches on conditions → updates the deal in Pipedrive → handles deal products in Pipedrive → branches on conditions → handles deal products in Pipedrive → writes a note on the Pipedrive deal → creates a deal in Pipedrive → handles deal products in Pipedrive → updates the deal in Pipedrive → creates the contact in Pipedrive → creates a deal in Pipedrive → handles deal products in Pipedrive → updates the deal in Pipedrive → branches on conditions → updates the contact in Pipedrive → branches on conditions → creates a deal in Pipedrive → handles deal products in Pipedrive → updates the deal in Pipedrive → calls another automation / external service → reads/writes Pipedrive → branches on conditions → reads deals from Pipedrive → updates the deal in Pipedrive → branches on conditions → handles deal products in Pipedrive → branches on conditions → handles deal products in Pipedrive → calls another automation / external service → reads/writes Pipedrive → loops over items → sends an email → creates the contact in Pipedrive → creates a deal in Pipedrive → handles deal products in Pipedrive → updates the deal in Pipedrive → calls another automation / external service → reads/writes Pipedrive → creates a calendar event → calls another automation / external service","Confirmation Email + Calendar sync + iCount + Woo ingress","WOO_PRIMARY_WEBHOOK_SECRET unset; adapter gaps G1/G2/G4","Keep temporarily","Live, and GOS covers it only partly.","27","0","2026-07-30T10:39:56.359Z","",""
"1015939","שליחת וואצאפ חוגגים סגירות אחרי וון","דיל עבר לוון","live","Webhook — שליחת וואצאפ חוגגים סגירות אחרי וון","Website / incoming form · Pipedrive · Airtable · WhatsApp (Wassenger) · Gmail","receives a form/web submission → looks up the contact in Pipedrive → reads deals from Pipedrive → handles deal products in Pipedrive → branches on conditions → handles deal products in Pipedrive → looks up an Airtable record → branches on conditions → sends a WhatsApp message → sends an email → writes a note on the Pipedrive deal → sends a WhatsApp message → writes a note on the Pipedrive deal","Manager Report #26 (deal WON)","","Replace inside GOS","Live, and GOS already covers it completely. Disable after a 48h parity watch.","50","0","2026-07-30T10:40:37.089Z","",""
"1651940","שליחת מסר לאחר WON p7agxxa1tqont84rumkfu3jgql6tuoix","דיל עבר לוון","live","Webhook — status won","Website / incoming form · Pipedrive","receives a form/web submission → reads deals from Pipedrive → looks up the contact in Pipedrive → handles deal products in Pipedrive → branches on conditions → handles deal products in Pipedrive → calls another automation / external service → writes a note on the Pipedrive deal → reads/writes Pipedrive","Manager Report #26 + Confirmation Email module","","Replace inside GOS","Live, and GOS already covers it completely. Disable after a 48h parity watch.","50","0","2026-07-30T10:40:36.767Z","",""
"430322","רכישת שובר מתנה > מייצר קופון ושולח במייל + מעדכן פייפדרייב","דיל עבר לוון","active but idle","Webhook — רכישת שובר - טריגר מסנריו רכישה","Website / incoming form · WooCommerce (website shop) · Airtable · Google Docs · Google Drive · Gmail · Pipedrive","receives a form/web submission → reads the website order → looks up an Airtable record → creates a website coupon → branches on conditions → produces a document → handles a Drive file → branches on conditions → sends an email → looks for an existing company in Pipedrive → reads/writes Pipedrive → loops over items → branches on conditions → normalises the Israeli phone number → looks for an existing company in Pipedrive → branches on conditions → updates the contact in Pipedrive → creates a deal in Pipedrive → writes a note on the Pipedrive deal → handles deal products in Pipedrive → writes a note on the Pipedrive deal → creates the contact in Pipedrive → creates a deal in Pipedrive → writes a note on the Pipedrive deal → handles deal products in Pipedrive → writes a note on the Pipedrive deal","","Confirm with the business whether this path should still carry traffic","Requires my decision","Active but no runs in the retained window — cannot tell ""no traffic"" from ""silently broken"".","0","0","","",""
"3648282","שליחה חוזרת להזמנות באתר","דיל עבר לוון","active but idle","Webhook — הכנסת הזמנה מהאתר","Website / incoming form · Airtable · WooCommerce (website shop)","receives a form/web submission → looks up an Airtable record → branches on conditions → deletes an Airtable record → reads the website order → calls another automation / external service → reads the website order → calls another automation / external service","","Confirm with the business whether this path should still carry traffic","Requires my decision","Active but no runs in the retained window — cannot tell ""no traffic"" from ""silently broken"".","0","0","","",""
"430740","נסגר 28.3 דיל הפך לוון > שליחת נקודת מפגש בוואטסאפ (wassenger)","דיל עבר לוון","inactive","Incoming email","Pipedrive · Airtable · WhatsApp (Wassenger) · Gmail","receives an incoming email → reads deals from Pipedrive → reads/writes Pipedrive → looks up an Airtable record → branches on conditions → sends a WhatsApp message → sends an email","","","Can shut down now","Already inactive; no retained run history. Kept only as a record.","0","0","","",""
"1651844","עדכון המוצרים בין הפייפ לאיירטייבל","היסטוריה","inactive","Scheduled every 15 min","Pipedrive · Airtable","handles deal products in Pipedrive → looks up an Airtable record → updates an Airtable record","","","Can shut down now","Already inactive; no retained run history. Kept only as a record.","0","0","","",""
"892358","עדכון מוצר היסטורי","היסטוריה","inactive","Scheduled every 15 min","Pipedrive · Airtable","reads deals from Pipedrive → looks up an Airtable record → branches on conditions → creates an Airtable record → looks up an Airtable record → branches on conditions → updates an Airtable record → updates the deal in Pipedrive → handles deal products in Pipedrive → creates an Airtable record → updates an Airtable record → updates the deal in Pipedrive → updates an Airtable record → updates the deal in Pipedrive","","","Can shut down now","Already inactive; no retained run history. Kept only as a record.","0","0","","",""
"4447721","בדיקה אם איש קשר קיים בפייפ ושליחה לאיירטייבל","הכנסת תוכן וואצאפ לדיל","live","Webhook — איש קשר חדש לאיירטייבל","Website / incoming form · Airtable · Pipedrive · Gmail","receives a form/web submission → looks up an Airtable record → reads/writes Pipedrive → branches on conditions → updates an Airtable record → reads/writes Pipedrive → branches on conditions → sends an email → updates an Airtable record","Contacts module + WhatsApp mirror","","Replace inside GOS","Live, and GOS already covers it completely. Disable after a 48h parity watch.","50","0","2026-07-26T14:09:19.973Z","",""
"4345044","הכנסת התכתבות וואצאפ לדיל","הכנסת תוכן וואצאפ לדיל","live","Scheduled every 360 min","Airtable · Pipedrive · Gmail","looks up an Airtable record → branches on conditions → reads/writes Pipedrive → branches on conditions → writes a note on the Pipedrive deal → updates an Airtable record → reads/writes Pipedrive → updates an Airtable record → reads/writes Pipedrive → branches on conditions → sends an email → updates an Airtable record → writes a note on the Pipedrive deal → updates an Airtable record → reads/writes Pipedrive → writes a note on the Pipedrive deal → updates an Airtable record → reads/writes Pipedrive → updates an Airtable record → reads/writes Pipedrive","WhatsApp module (native chat mirror on the Deal)","","Replace inside GOS","Live, and GOS already covers it completely. Disable after a 48h parity watch.","50","0","2026-08-03T15:30:06.024Z","",""
"4359629","הקמת איש קשר בפייפ","הכנסת תוכן וואצאפ לדיל","live","Webhook — הקמת איש קשר בפייפ","Website / incoming form · Pipedrive · Airtable","receives a form/web submission → calls another automation / external service → reads/writes Pipedrive → looks up an Airtable record → writes a note on the Pipedrive deal → updates an Airtable record","Contacts module","","Replace inside GOS","Live, and GOS already covers it completely. Disable after a 48h parity watch.","50","1","2026-07-28T06:35:28.595Z","",""
"4548217","מחיקת דטא לאחר שבוע שלא הוקם איש קשר בפייפ","הכנסת תוכן וואצאפ לדיל","live","Webhook — מחיקת דטא לאחר שבוע","Website / incoming form · Airtable","receives a form/web submission → looks up an Airtable record → loops over items → deletes an Airtable record","none needed — Airtable housekeeping","","Replace inside GOS","Live, and GOS already covers it completely. Disable after a 48h parity watch.","50","0","2026-08-01T21:04:28.183Z","",""
"4357153","מחיקת הדטא הודעות וואצאפ","הכנסת תוכן וואצאפ לדיל","live","Scheduled (daily)","Airtable","looks up an Airtable record → loops over items → deletes an Airtable record","none needed — Airtable housekeeping","","Replace inside GOS","Live, and GOS already covers it completely. Disable after a 48h parity watch.","33","0","2026-08-02T20:59:04.454Z","",""
"1443901","הצעת מחיר","הצעת מחיר","live","Webhook — שליחת הצעת מחיר","Website / incoming form · Pipedrive · Gmail · Airtable · Prospero · WhatsApp (Wassenger)","receives a form/web submission → reads deals from Pipedrive → branches on conditions → sends an email → reads/writes Pipedrive → looks up an Airtable record → handles deal products in Pipedrive → branches on conditions → handles deal products in Pipedrive → looks up an Airtable record → sends an email → branches on conditions → looks up an Airtable record → loops over items → looks up an Airtable record → normalises the Israeli phone number → sends an email → branches on conditions → reads deals from Pipedrive → loops over items → produces a proposal document (Prospero) → branches on conditions → updates the deal in Pipedrive → writes a note on the Pipedrive deal → sends a WhatsApp message → calls another automation / external service → writes a note on the Pipedrive deal → sends a WhatsApp message → writes a note on the Pipedrive deal","Quote module (Offer/Version/QuoteDocument)","Prospero PDF styling + the WhatsApp send of the quote link","Keep temporarily","Live, and GOS covers it only partly.","44","1","2026-07-28T06:40:34.843Z","",""
"4453116","הקמת מוצר חדש בפייפ לאיירטייבל","הצעת מחיר","live","Instant (watches a system for changes)","Pipedrive · Airtable","handles deal products in Pipedrive → looks up an Airtable record → reads/writes Airtable → looks up an Airtable record → branches on conditions → handles deal products in Pipedrive → looks up an Airtable record → handles deal products in Pipedrive","Products/Pricing module","","Replace inside GOS","Live, and GOS already covers it completely. Disable after a 48h parity watch.","2","0","2026-07-22T07:25:02.294Z","",""
"1817282","לאחר החתימה על ההצעה","הצעת מחיר","live","Instant (watches a system for changes)","Prospero · Pipedrive · Gmail","produces a proposal document (Prospero) → updates the deal in Pipedrive → writes a note on the Pipedrive deal → reads/writes Pipedrive → sends an email → writes a note on the Pipedrive deal","Quote module — signed-quote handling","Prospero signature webhook has no GOS equivalent","Keep temporarily","Live, and GOS covers it only partly.","21","0","2026-07-29T17:22:02.140Z","",""
"430340","[טופל] הוצאת הצעת מחיר חוזרת מפייפדרייב לאייקאונט + שליחה ללקוח","הצעת מחיר","active but idle","Webhook — יצירת הצעת מחיר מפייפדרייב","Website / incoming form · Pipedrive · iCount · Airtable · Gmail","receives a form/web submission → reads deals from Pipedrive → reads/writes Pipedrive → normalises the Israeli phone number → handles deal products in Pipedrive → issues an accounting document (iCount) → calls another automation / external service → reads/writes Pipedrive → updates the deal in Pipedrive → looks up an Airtable record → branches on conditions → sends an email","","Confirm with the business whether this path should still carry traffic","Requires my decision","Active but no runs in the retained window — cannot tell ""no traffic"" from ""silently broken"".","0","0","","",""
"1830833","הוספת הערה בדיל במוצר","הצעת מחיר","auto-disabled by outage","Webhook — הוספת הערה במוצר","Website / incoming form · Pipedrive","receives a form/web submission → handles deal products in Pipedrive","varies","Confirm whether the business still wants this behaviour at all","Requires my decision","Auto-disabled by Make during the Pipedrive 429 outage (2026-07-30..08-02), NOT by a decision.","49","1","2026-07-31T07:05:12.438Z","",""
"3252574","ביטול סיור חשיפה בקוגניטו","חשיפה","live","Webhook — ביטול סיור בקוגניטו","Website / incoming form · Airtable · Cognito Forms","receives a form/web submission → looks up an Airtable record → reads a Cognito form submission","Open Tours module","","Replace inside GOS","Live, and GOS already covers it completely. Disable after a 48h parity watch.","11","0","2026-07-29T13:47:21.352Z","",""
"3162997","העברת לתשלום מהרשמה לסיור חשיפה","חשיפה","active but idle","Webhook — מעבר לדף סליקה לאחר הרשמה לסיור חשיפה","Website / incoming form · Cognito Forms · Pipedrive · Airtable","receives a form/web submission → branches on conditions → reads a Cognito form submission → loops over items → branches on conditions → calls another automation / external service → reads deals from Pipedrive → looks up the contact in Pipedrive → reads a Cognito form submission → looks up an Airtable record → loops over items → updates the deal in Pipedrive → reads a Cognito form submission → branches on conditions → updates the deal in Pipedrive → writes a note on the Pipedrive deal → handles deal products in Pipedrive → updates the deal in Pipedrive → reads a Cognito form submission → calls another automation / external service → branches on conditions","GOS Ingress Platform (website_form) — code shipped, not credentialed","WEBSITE_FORM_SECRET unset; `messege`/`webpage` aliases missing","Keep temporarily","Lead-intake dependency — the only path these leads have into GOS today.","0","0","","",""
"3106389","הקמת סיורי חשיפה","חשיפה","active but idle","Instant (watches a system for changes)","Cognito Forms · Airtable · Link shortener · WhatsApp (Wassenger) · Gmail","reads a Cognito form submission → loops over items → reads a Cognito form submission → creates an Airtable record → reads a Cognito form submission → updates an Airtable record → reads a Cognito form submission → shortens a link → sends a WhatsApp message → sends an email → updates an Airtable record","","Confirm with the business whether this path should still carry traffic","Requires my decision","Active but no runs in the retained window — cannot tell ""no traffic"" from ""silently broken"".","0","0","","",""
"3314785","וון על דיל שמקושר לדילים נוספים","חשיפה","active but idle","Webhook — וון על דיל עם דילים מקושרים","Website / incoming form · Pipedrive","receives a form/web submission → reads deals from Pipedrive → loops over items → updates the deal in Pipedrive → writes a note on the Pipedrive deal","","Confirm with the business whether this path should still carry traffic","Requires my decision","Active but no runs in the retained window — cannot tell ""no traffic"" from ""silently broken"".","0","0","","",""
"4069207","סטטוס משתתפים בסיור חשיפה - מלאי","חשיפה","inactive","Webhook — סטטוס משתתפים בסיור חשיפה","Website / incoming form · Airtable · Cognito Forms","receives a form/web submission → looks up an Airtable record → branches on conditions → reads a Cognito form submission","","","Can shut down now","Already inactive; no retained run history. Kept only as a record.","0","0","","",""
"4509531","טריגר וובהוק","טריגרים לאוטומציה","inactive","Webhook — חיבור וובהוק - גרפיטיול","Website / incoming form","receives a form/web submission","","","Can shut down now","Already inactive; no retained run history. Kept only as a record.","0","0","","",""
"4509524","טריגר לאוטומציה - מיידי פייסבוק","טריגרים לאוטומציה","inactive","Facebook/Instagram lead form","Facebook Lead Ads","receives a Facebook/Instagram lead","","","Can shut down now","Already inactive; no retained run history. Kept only as a record.","0","0","","",""
"4509527","טריגר לאוטומציה  - פייסבוק חיפוש","טריגרים לאוטומציה","inactive","Facebook/Instagram lead form","Facebook Lead Ads","receives a Facebook/Instagram lead","","","Can shut down now","Already inactive; no retained run history. Kept only as a record.","0","0","","",""
"3018034","טופס השתתפות","כללי","active but idle","Instant (watches a system for changes)","Cognito Forms · Smoove","reads a Cognito form submission → updates the marketing mailing list (Smoove)","","Confirm with the business whether this path should still carry traffic","Requires my decision","Active but no runs in the retained window — cannot tell ""no traffic"" from ""silently broken"".","0","0","","",""
"698867","בכל דיל חדש הוסף לינקים לטפסים - לאנדוליני","לאנדוליני: אוטומציות חדשות","live","Webhook — new deal from pipedrive webhook","Website / incoming form · Pipedrive","receives a form/web submission → updates the deal in Pipedrive","Deal capability URLs","","Replace inside GOS","Live, and GOS already covers it completely. Disable after a 48h parity watch.","50","0","2026-08-03T12:16:41.072Z","",""
"964304","הקמת מוצר חדש מעדכן מזהה בפייפ","לאנדוליני: אוטומציות חדשות","live","Instant (watches a system for changes)","Pipedrive · Airtable · Gmail","handles deal products in Pipedrive → looks up an Airtable record → branches on conditions → looks up an Airtable record → handles deal products in Pipedrive → creates an Airtable record → looks up an Airtable record → handles deal products in Pipedrive → sends an email","Products/Pricing module","","Replace inside GOS","Live, and GOS already covers it completely. Disable after a 48h parity watch.","2","0","2026-07-22T07:25:02.475Z","",""
"2125961","הרכבת מסר / תוכן","לאנדוליני: אוטומציות חדשות","live","Webhook — הרכבת/שליחת מסר","Website / incoming form · Pipedrive · Airtable · Link shortener · Gmail · WhatsApp (Wassenger)","receives a form/web submission → reads deals from Pipedrive → looks up the contact in Pipedrive → reads/writes Pipedrive → looks up an Airtable record → branches on conditions → looks up an Airtable record → branches on conditions → looks up an Airtable record → branches on conditions → looks up an Airtable record → shortens a link → branches on conditions → normalises the Israeli phone number → branches on conditions → sends an email → writes a note on the Pipedrive deal → sends an email → branches on conditions → normalises the Israeli phone number → branches on conditions → sends a WhatsApp message → sends an email","Communication Center message assembly","CC has 0 active customer rules — content not migrated","Keep temporarily","Live, and GOS covers it only partly.","50","0","2026-08-03T05:01:11.080Z","",""
"1445570","טופס משוב - ניסיונות לשיחות","לאנדוליני: אוטומציות חדשות","live","Instant (watches a system for changes)","Fillout · Airtable","reads a Fillout form submission → updates an Airtable record → looks up an Airtable record → branches on conditions → updates an Airtable record","","UNKNOWN PURPOSE — 77% error rate","Keep temporarily","Live, and GOS covers it only partly.","13","10","2026-07-26T06:09:51.656Z","",""
"830264","מדיל לטופס פילאאוט pre fill","לאנדוליני: אוטומציות חדשות","live","Webhook — מדיל לטופס פילאאוט webhook","Website / incoming form · Pipedrive · Airtable","receives a form/web submission → reads deals from Pipedrive → handles deal products in Pipedrive → looks up an Airtable record → branches on conditions → looks up an Airtable record → branches on conditions","Questionnaire Engine","Fillout pre-fill link has no GOS equivalent","Keep temporarily","Live, and GOS covers it only partly.","50","5","2026-07-31T11:27:41.819Z","",""
"1411537","סגירת משימות אוטומטיות אחרי וון","לאנדוליני: אוטומציות חדשות","live","Webhook — סגירת משימות אוטומטיות אחרי וון","Website / incoming form · Pipedrive","receives a form/web submission → reads/writes Pipedrive","CRM Tasks workspace","","Replace inside GOS","Live, and GOS already covers it completely. Disable after a 48h parity watch.","50","0","2026-07-30T10:40:36.591Z","",""
"4131369","פתיחת תיקייה בגוגל דרייב לסיורים כל יום","לאנדוליני: אוטומציות חדשות","live","Scheduled (daily)","Airtable · Google Drive · Pipedrive","looks up an Airtable record → creates a Google Drive folder → updates an Airtable record → updates the deal in Pipedrive","Files module + Tour Gallery","","Replace inside GOS","Live, and GOS already covers it completely. Disable after a 48h parity watch.","34","0","2026-08-03T02:59:05.966Z","",""
"4131439","שליחת הודעות מתוזמנות ב8 בבוקר","לאנדוליני: אוטומציות חדשות","live","Scheduled (weekly)","Airtable · Pipedrive","reads/writes Make storage → looks up an Airtable record → branches on conditions → handles deal products in Pipedrive → branches on conditions → handles deal products in Pipedrive → calls another automation / external service → reads/writes Make storage","Communication Center scheduled sends","No active CC rule","Keep temporarily","Live, and GOS covers it only partly.","14","1","2026-08-03T05:01:04.924Z","",""
"430347","הוספת מוצר בווקומרס מוסיפה אותו בפייפדרייב ובאיירטייבל","לאנדוליני: אוטומציות חדשות","active but idle","Webhook — הוספת מוצר חדש","Website / incoming form · Pipedrive · Airtable · Gmail","receives a form/web submission → handles deal products in Pipedrive → creates an Airtable record → sends an email","","Confirm with the business whether this path should still carry traffic","Requires my decision","Active but no runs in the retained window — cannot tell ""no traffic"" from ""silently broken"".","0","0","","",""
"1449188","המשך טיפול לאחר שיחת משוב","לאנדוליני: אוטומציות חדשות","active but idle","Webhook — המשך טיפול לאחר שיחת משוב","Website / incoming form · Gmail · Airtable · WhatsApp (Wassenger)","receives a form/web submission → branches on conditions → sends an email → looks up an Airtable record → sends a WhatsApp message → calls another automation / external service → sends a WhatsApp message → sends an email","GOS Ingress Platform (website_form) — code shipped, not credentialed","WEBSITE_FORM_SECRET unset; `messege`/`webpage` aliases missing","Keep temporarily","Lead-intake dependency — the only path these leads have into GOS today.","0","0","","",""
"704964","מטופס הוספת מדריך/מועמד חדש לאיירטייבל ולפייפ - לאנדוליני","לאנדוליני: אוטומציות חדשות","active but idle","Webhook — הוספת מדריך/מועמד webhook","Website / incoming form · Airtable · Pipedrive","receives a form/web submission → looks up an Airtable record → reads/writes Pipedrive → reads/writes Airtable","","Confirm with the business whether this path should still carry traffic","Requires my decision","Active but no runs in the retained window — cannot tell ""no traffic"" from ""silently broken"".","0","0","","",""
"799554","דיל פתוח ללא משימה מקבל משימה בחצות","לאנדוליני: אוטומציות חדשות","auto-disabled by outage","Scheduled (daily)","Pipedrive","reads deals from Pipedrive → creates a follow-up task in Pipedrive","varies","Confirm whether the business still wants this behaviour at all","Requires my decision","Auto-disabled by Make during the Pipedrive 429 outage (2026-07-30..08-02), NOT by a decision.","30","2","2026-07-30T21:00:06.154Z","",""
"430292","לקוחות פרטיים ועסקיים (לא סוכנויות ומפיקים) - מייל+וואטסאפ חודש אחרי פעילות (wassenger)","להדליק אחרי המלחמה....","auto-disabled by outage","Scheduled (daily)","Pipedrive","reads deals from Pipedrive → handles deal products in Pipedrive → calls another automation / external service","varies","Confirm whether the business still wants this behaviour at all","Requires my decision","Auto-disabled by Make during the Pipedrive 429 outage (2026-07-30..08-02), NOT by a decision.","31","1","2026-07-31T10:00:25.711Z","",""
"440466","לקוחות פרטיים ועסקיים - מייל+וואטסאפ יומיים אחרי פעילות לאנשים נוספים שמילאו שאלון (wassenger)","להדליק אחרי המלחמה....","inactive","Webhook — מייל+וואטסאפ יום אחרי פעילות לאנשים נוספים","Website / incoming form · Pipedrive · Airtable · Google Sheets · Gmail · WhatsApp (Wassenger)","receives a form/web submission → reads deals from Pipedrive → looks up an Airtable record → branches on conditions → reads a Google Sheet → sends an email → branches on conditions → reads a Google Sheet → sends an email → branches on conditions → reads a Google Sheet → normalises the Israeli phone number → sends a WhatsApp message → writes a row to a Google Sheet → branches on conditions → reads a Google Sheet → normalises the Israeli phone number → sends a WhatsApp message → writes a row to a Google Sheet","","","Can shut down now","Already inactive; no retained run history. Kept only as a record.","0","0","","",""
"440472","לקוחות פרטיים - מייל+וואטסאפ יומיים אחרי פעילות (wassenger)","להדליק אחרי המלחמה....","inactive","Scheduled (daily)","Pipedrive · WooCommerce (website shop)","reads deals from Pipedrive → handles deal products in Pipedrive → branches on conditions → creates a website coupon → handles deal products in Pipedrive → calls another automation / external service","","","Can shut down now","Already inactive; no retained run history. Kept only as a record.","0","0","","",""
"430274","לקוחות פרטיים - פולואפ 1 (אישי) בוואטסאפ - 10:00","להדליק אחרי המלחמה....","auto-disabled by outage","Scheduled (daily)","Pipedrive · WhatsApp (Wassenger)","reads deals from Pipedrive → reads/writes Pipedrive → branches on conditions → normalises the Israeli phone number → branches on conditions → sends a WhatsApp message → updates the deal in Pipedrive → reads/writes Pipedrive","varies","Confirm whether the business still wants this behaviour at all","Requires my decision","Auto-disabled by Make during the Pipedrive 429 outage (2026-07-30..08-02), NOT by a decision.","31","1","2026-07-31T07:00:06.263Z","",""
"430262","לקוחות פרטיים - פולואפ 1 (אישי) בוואטסאפ - 16:00","להדליק אחרי המלחמה....","auto-disabled by outage","Scheduled (daily)","Pipedrive · WhatsApp (Wassenger)","reads deals from Pipedrive → reads/writes Pipedrive → branches on conditions → normalises the Israeli phone number → branches on conditions → sends a WhatsApp message → updates the deal in Pipedrive → reads/writes Pipedrive","varies","Confirm whether the business still wants this behaviour at all","Requires my decision","Auto-disabled by Make during the Pipedrive 429 outage (2026-07-30..08-02), NOT by a decision.","30","2","2026-07-31T13:00:11.531Z","",""
"430266","לקוחות פרטיים - פולואפ 2 (גנרי) בוואטסאפ","להדליק אחרי המלחמה....","auto-disabled by outage","Scheduled (daily)","Pipedrive · WhatsApp (Wassenger)","reads deals from Pipedrive → normalises the Israeli phone number → branches on conditions → looks up the contact in Pipedrive → branches on conditions → sends a WhatsApp message → updates the deal in Pipedrive → creates a follow-up task in Pipedrive","varies","Confirm whether the business still wants this behaviour at all","Requires my decision","Auto-disabled by Make during the Pipedrive 429 outage (2026-07-30..08-02), NOT by a decision.","31","1","2026-07-31T07:00:13.874Z","",""
"1160762","ביטול עסקה - לוסט","לוסטים ודחייה","live","Webhook — לוסט לקוח ביטל","Website / incoming form · Pipedrive · Airtable · Gmail · Google Calendar","receives a form/web submission → reads deals from Pipedrive → looks up an Airtable record → branches on conditions → updates an Airtable record → branches on conditions → updates an Airtable record → looks up an Airtable record → updates an Airtable record → sends an email → deletes the calendar event","GOS deal status + Tour Calendar sync","","Replace inside GOS","Live, and GOS already covers it completely. Disable after a 48h parity watch.","12","0","2026-07-29T13:46:59.029Z","",""
"2034772","דיל הפך ללוסט-שליחה לסמוב","לוסטים ודחייה","live","Webhook — דיל הפך ללוסט-שליחה לסמוב","Website / incoming form · Pipedrive · Smoove · WhatsApp (Wassenger)","receives a form/web submission → reads deals from Pipedrive → branches on conditions → updates the marketing mailing list (Smoove) → branches on conditions → reads/writes Pipedrive → sends a WhatsApp message","Manager Reports + GOS deal status","Smoove marketing-list update on lost deals","Keep temporarily","Live, and GOS covers it only partly.","50","0","2026-07-30T08:24:23.672Z","",""
"440482","עסקאות שהפכו ללוסט > עדכון לוואטסאפ (wassenger)","לוסטים ודחייה","live","Incoming email","Pipedrive · WhatsApp (Wassenger)","receives an incoming email → reads deals from Pipedrive → handles deal products in Pipedrive → sends a WhatsApp message → branches on conditions → sends a WhatsApp message","GOS deal status + WhatsApp module","","Replace inside GOS","Live, and GOS already covers it completely. Disable after a 48h parity watch.","7","0","2026-07-29T13:47:02.134Z","",""
"456768","דיל בפייפ הפך ללוסט- יקר מידי > וואטסאפ","לוסטים ודחייה","active but idle","Incoming email","Pipedrive · WhatsApp (Wassenger)","receives an incoming email → reads deals from Pipedrive → looks up the contact in Pipedrive → normalises the Israeli phone number → sends a WhatsApp message → creates a follow-up task in Pipedrive","","Confirm with the business whether this path should still carry traffic","Requires my decision","Active but no runs in the retained window — cannot tell ""no traffic"" from ""silently broken"".","0","0","","",""
"1586537","עדכון הלינק לרדיפה למילוי תאריך סיור","לוסטים ודחייה","active but idle","Webhook — שליחת וואצאפ לתאום סיור ששולם כבר","Website / incoming form · Airtable · WhatsApp (Wassenger) · Pipedrive","receives a form/web submission → looks up an Airtable record → branches on conditions → sends a WhatsApp message → updates an Airtable record → updates the deal in Pipedrive","","Confirm with the business whether this path should still carry traffic","Requires my decision","Active but no runs in the retained window — cannot tell ""no traffic"" from ""silently broken"".","0","0","","",""
"1070979","לוסט לדיל לאחר 30 יום","לוסטים ודחייה","auto-disabled by outage","Scheduled (daily)","Pipedrive","reads deals from Pipedrive → updates the deal in Pipedrive","varies","Confirm whether the business still wants this behaviour at all","Requires my decision","Auto-disabled by Make during the Pipedrive 429 outage (2026-07-30..08-02), NOT by a decision.","30","2","2026-07-30T20:00:10.279Z","",""
"1353334","לוסט לדיל עיסקי לאחר 60 יום","לוסטים ודחייה","auto-disabled by outage","Scheduled (daily)","Pipedrive","reads deals from Pipedrive → updates the deal in Pipedrive","varies","Confirm whether the business still wants this behaviour at all","Requires my decision","Auto-disabled by Make during the Pipedrive 429 outage (2026-07-30..08-02), NOT by a decision.","30","2","2026-07-30T20:00:09.409Z","",""
"430323","עסקאות שהפכו ללוסט > עדכון לוואטסאפ","לוסטים ודחייה","inactive","Incoming email","Pipedrive · WhatsApp (Wassenger)","receives an incoming email → reads deals from Pipedrive → handles deal products in Pipedrive → sends a WhatsApp message","","","Can shut down now","Already inactive; no retained run history. Kept only as a record.","0","0","","",""
"3897811","Find/Create UTM","לידים לפייפדרייב","live","Webhook — Find/Create UTM","Website / incoming form · Pipedrive","receives a form/web submission → branches on conditions → reads/writes Pipedrive → branches on conditions → reads/writes Pipedrive","GOS Ingress Platform (website_form) — code shipped, not credentialed","WEBSITE_FORM_SECRET unset; `messege`/`webpage` aliases missing","Keep temporarily","Lead-intake dependency — the only path these leads have into GOS today.","50","48","2026-08-03T12:16:37.267Z","",""
"1069253","pipe4u","לידים לפייפדרייב","live","Webhook — Pipe4u","Website / incoming form · Pipedrive · WhatsApp (Wassenger) · Gmail","receives a form/web submission → normalises the Israeli phone number → calls another automation / external service → branches on conditions → looks for an existing company in Pipedrive → branches on conditions → updates the contact in Pipedrive → reads/writes Pipedrive → reads deals from Pipedrive → reads/writes Pipedrive → branches on conditions → creates a deal in Pipedrive → writes a note on the Pipedrive deal → sends a WhatsApp message → writes a note on the Pipedrive deal → creates a follow-up task in Pipedrive → sends a WhatsApp message → creates the contact in Pipedrive → creates a deal in Pipedrive → writes a note on the Pipedrive deal → updates the contact in Pipedrive → sends a WhatsApp message → creates a follow-up task in Pipedrive → looks for an existing company in Pipedrive → branches on conditions → updates the contact in Pipedrive → reads/writes Pipedrive → reads deals from Pipedrive → reads/writes Pipedrive → branches on conditions → creates a deal in Pipedrive → writes a note on the Pipedrive deal → sends a WhatsApp message → writes a note on the Pipedrive deal → creates a follow-up task in Pipedrive → sends a WhatsApp message → creates the contact in Pipedrive → creates a deal in Pipedrive → writes a note on the Pipedrive deal → updates the contact in Pipedrive → sends a WhatsApp message → sends an email","GOS Ingress Platform (website_form) — code shipped, not credentialed","WEBSITE_FORM_SECRET unset; `messege`/`webpage` aliases missing","Keep temporarily","Lead-intake dependency — the only path these leads have into GOS today.","50","48","2026-08-03T12:16:35.972Z","",""
"430307","דף נחיתה אלמנטור > פייפדרייב","לידים לפייפדרייב","live","Webhook — דף נחיתה אלמנטור","Website / incoming form","receives a form/web submission → calls another automation / external service","GOS Ingress Platform (website_form) — code shipped, not credentialed","WEBSITE_FORM_SECRET unset; `messege`/`webpage` aliases missing","Keep temporarily","Lead-intake dependency — the only path these leads have into GOS today.","42","0","2026-08-03T12:16:35.825Z","",""
"430315","טופס בעמודי מוצר באתר > פייפדרייב","לידים לפייפדרייב","live","Webhook — Website product form","Website / incoming form","receives a form/web submission → calls another automation / external service","GOS Ingress Platform (website_form) — code shipped, not credentialed","WEBSITE_FORM_SECRET unset; `messege`/`webpage` aliases missing","Keep temporarily","Lead-intake dependency — the only path these leads have into GOS today.","7","0","2026-07-23T10:41:56.076Z","",""
"430331","טופס עמוד צור קשר באתר > פייפדרייב + סמוב","לידים לפייפדרייב","live","Webhook — Website contact form","Website / incoming form","receives a form/web submission → calls another automation / external service","GOS Ingress Platform (website_form) — code shipped, not credentialed","WEBSITE_FORM_SECRET unset; `messege`/`webpage` aliases missing","Keep temporarily","Lead-intake dependency — the only path these leads have into GOS today.","12","0","2026-07-26T11:39:42.757Z","",""
"430317","Leads' Google form > Pipedrive","לידים לפייפדרייב","active but idle","Webhook — Elinoy's Google form - leads","Website / incoming form · Pipedrive · WhatsApp (Wassenger) · Gmail","receives a form/web submission → branches on conditions → looks for an existing company in Pipedrive → branches on conditions → updates the contact in Pipedrive → reads/writes Pipedrive → branches on conditions → creates a deal in Pipedrive → writes a note on the Pipedrive deal → sends a WhatsApp message → creates a follow-up task in Pipedrive → writes a note on the Pipedrive deal → sends a WhatsApp message → creates a follow-up task in Pipedrive → writes a note on the Pipedrive deal → sends a WhatsApp message → creates a follow-up task in Pipedrive → creates a deal in Pipedrive → sends a WhatsApp message → creates a follow-up task in Pipedrive → creates the contact in Pipedrive → branches on conditions → creates a deal in Pipedrive → sends a WhatsApp message → creates a follow-up task in Pipedrive → updates the contact in Pipedrive → sends an email","","Confirm with the business whether this path should still carry traffic","Requires my decision","Active but no runs in the retained window — cannot tell ""no traffic"" from ""silently broken"".","0","0","","",""
"430343","Smoove subsricbers - food > Create Pipedrive Contact & Deal","לידים לפייפדרייב","active but idle","Webhook — Smoove subscribers - food","Website / incoming form · Pipedrive · WhatsApp (Wassenger)","receives a form/web submission → normalises the Israeli phone number → looks for an existing company in Pipedrive → branches on conditions → looks up the contact in Pipedrive → creates a deal in Pipedrive → writes a note on the Pipedrive deal → sends a WhatsApp message → creates a follow-up task in Pipedrive → creates the contact in Pipedrive → creates a deal in Pipedrive → sends a WhatsApp message → creates a follow-up task in Pipedrive","","Confirm with the business whether this path should still carry traffic","Requires my decision","Active but no runs in the retained window — cannot tell ""no traffic"" from ""silently broken"".","0","0","","",""
"430335","Smoove subsricbers - Graffiti > Create Pipedrive Contact & Deal","לידים לפייפדרייב","active but idle","Webhook — Smoove subscribers","Website / incoming form · Pipedrive · WhatsApp (Wassenger)","receives a form/web submission → normalises the Israeli phone number → looks for an existing company in Pipedrive → branches on conditions → looks up the contact in Pipedrive → creates a deal in Pipedrive → writes a note on the Pipedrive deal → sends a WhatsApp message → creates a follow-up task in Pipedrive → creates the contact in Pipedrive → creates a deal in Pipedrive → sends a WhatsApp message → creates a follow-up task in Pipedrive","","Confirm with the business whether this path should still carry traffic","Requires my decision","Active but no runs in the retained window — cannot tell ""no traffic"" from ""silently broken"".","0","0","","",""
"430320","דף נחיתה פעילות בת מצווה > פייפדרייב + סמוב","לידים לפייפדרייב","active but idle","Webhook — דף נחיתה פעילות בת מצווה","Website / incoming form","receives a form/web submission → calls another automation / external service","GOS Ingress Platform (website_form) — code shipped, not credentialed","WEBSITE_FORM_SECRET unset; `messege`/`webpage` aliases missing","Keep temporarily","Lead-intake dependency — the only path these leads have into GOS today.","0","0","","",""
"430321","טופס פוטר באתר > פייפדרייב + סמוב","לידים לפייפדרייב","active but idle","Webhook — Website footer form","Website / incoming form","receives a form/web submission → calls another automation / external service","GOS Ingress Platform (website_form) — code shipped, not credentialed","WEBSITE_FORM_SECRET unset; `messege`/`webpage` aliases missing","Keep temporarily","Lead-intake dependency — the only path these leads have into GOS today.","0","0","","",""
"1989063","יצירת לינק לצ'אט בווסנג'ר כפתור בפייפ","לידים לפייפדרייב","active but idle","Webhook — יצירת לינק לצ'אט בווסנג'ר כפתור בפייפ","Website / incoming form · Pipedrive","receives a form/web submission → updates the contact in Pipedrive","","Confirm with the business whether this path should still carry traffic","Requires my decision","Active but no runs in the retained window — cannot tell ""no traffic"" from ""silently broken"".","0","0","","",""
"430337","לקוח לחץ במייל על לינק ליצירת קשר > הכנסה לפייפדרייב","לידים לפייפדרייב","active but idle","Webhook — לקוח לחץ במייל על לינק ליצירת קשר","Website / incoming form · Pipedrive","receives a form/web submission → looks up the contact in Pipedrive → branches on conditions → creates a deal in Pipedrive","","Confirm with the business whether this path should still carry traffic","Requires my decision","Active but no runs in the retained window — cannot tell ""no traffic"" from ""silently broken"".","0","0","","",""
"430346","פופאפ צור קשר באתר > פייפדרייב","לידים לפייפדרייב","active but idle","Webhook — פופאפ צור קשר באתר","Website / incoming form","receives a form/web submission → calls another automation / external service","GOS Ingress Platform (website_form) — code shipped, not credentialed","WEBSITE_FORM_SECRET unset; `messege`/`webpage` aliases missing","Keep temporarily","Lead-intake dependency — the only path these leads have into GOS today.","0","0","","",""
"430352","לידים מטופס פייסבוק קמפיין גרפיטי רימרקטינג > פייפדרייב","לידים לפייפדרייב","inactive","Facebook/Instagram lead form","Facebook Lead Ads · Gmail","receives a Facebook/Instagram lead → normalises the Israeli phone number → calls another automation / external service → sends an email","","","Can shut down now","Already inactive; last ran 2026-08-01. Kept only as a record.","41","9","2026-08-01T08:56:31.556Z","",""
"1989054","פרסון חדש בפייפ- הוספת לינק לצ'אט בווסנג'ר","לידים לפייפדרייב","auto-disabled by outage","Instant (watches a system for changes)","Pipedrive","reads/writes Pipedrive → branches on conditions → looks up the contact in Pipedrive → updates the contact in Pipedrive","varies","Confirm whether the business still wants this behaviour at all","Requires my decision","Auto-disabled by Make during the Pipedrive 429 outage (2026-07-30..08-02), NOT by a decision.","49","1","2026-07-31T07:04:55.122Z","",""
"4749928","הודעה חדשה על כל מדריך שמילא טופס תיאום סיור","מדריכים","live","Webhook — בוצע שיחת תיאום שליחת הודעה לקבוצת וואצאפ","Website / incoming form · Airtable · WhatsApp (Wassenger)","receives a form/web submission → looks up an Airtable record → normalises the Israeli phone number → branches on conditions → sends a WhatsApp message","Questionnaire Engine (tour-operational lifecycle)","","Replace inside GOS","Live, and GOS already covers it completely. Disable after a 48h parity watch.","50","0","2026-08-02T09:32:45.087Z","",""
"4207107","הכנסת הערות עבור השכר מהפייפ","מדריכים","live","Webhook — שדה הערות עבור השכר","Website / incoming form · Pipedrive · Airtable · Gmail","receives a form/web submission → reads deals from Pipedrive → looks up an Airtable record → branches on conditions → looks up an Airtable record → updates an Airtable record → sends an email","Payroll module","","Replace inside GOS","Live, and GOS already covers it completely. Disable after a 48h parity watch.","1","0","2026-07-08T14:32:37.578Z","",""
"430349","כפתור באיירטייבל להקמת מדריך.ה חדש.ה","מדריכים","live","Webhook — קליטת מדריך חדש בכפתור איירטייבל","Website / incoming form · Airtable · Pipedrive · Google Calendar · Gmail","receives a form/web submission → looks up an Airtable record → reads/writes Pipedrive → loops over items → reads/writes Pipedrive → reads the calendar → updates an Airtable record → sends an email","Staff module (manual staff creation)","","Replace inside GOS","Live, and GOS already covers it completely. Disable after a 48h parity watch.","4","0","2026-07-29T13:36:23.679Z","",""
"2693681","מחשבון שכר","מדריכים","live","Webhook — מחשבון שכר","Website / incoming form · Airtable","receives a form/web submission → looks up an Airtable record → branches on conditions → loops over items → looks up an Airtable record → loops over items → looks up an Airtable record → reads/writes Airtable → loops over items → looks up an Airtable record → loops over items → looks up an Airtable record → reads/writes Airtable → loops over items → looks up an Airtable record → loops over items → looks up an Airtable record → reads/writes Airtable","Payroll module (PayrollEntry per assignment)","","Replace inside GOS","Live, and GOS already covers it completely. Disable after a 48h parity watch.","50","0","2026-08-02T21:01:56.755Z","",""
"2883326","עדכון חודש ושנה בשכר","מדריכים","live","Webhook — עדכון חודש ושכר","Website / incoming form · Airtable","receives a form/web submission → looks up an Airtable record → updates an Airtable record","Payroll module","","Replace inside GOS","Live, and GOS already covers it completely. Disable after a 48h parity watch.","26","0","2026-07-30T07:38:05.082Z","",""
"1126290","רדיפה למדריך למלא טופס תיאום סיור","מדריכים","live","Webhook — רדיפה למדריך למלא טופס תיאום סיור","Website / incoming form · Airtable · WhatsApp (Wassenger)","receives a form/web submission → looks up an Airtable record → sends a WhatsApp message","Manager Reports #11–#16 + Guide Portal","","Replace inside GOS","Live, and GOS already covers it completely. Disable after a 48h parity watch.","50","0","2026-07-31T06:50:38.221Z","",""
"1051602","שליחת הודעה למדריך טופס סיום הסיור- סיכומי סיור","מדריכים","live","Webhook — שליחת טופס סיום למדריך","Website / incoming form · Airtable · WhatsApp (Wassenger)","receives a form/web submission → looks up an Airtable record → branches on conditions → looks up an Airtable record → branches on conditions → sends a WhatsApp message → creates an Airtable record → sends a WhatsApp message → creates an Airtable record → reads/writes Make storage → loops over items → looks up an Airtable record → branches on conditions → sends a WhatsApp message → creates an Airtable record → sends a WhatsApp message → creates an Airtable record → reads/writes Make storage","Manager Reports #7/#8 + Guide Portal questionnaires","","Replace inside GOS","Live, and GOS already covers it completely. Disable after a 48h parity watch.","50","0","2026-07-31T21:02:06.286Z","",""
"4452993","שליחת לו""ז הודעה של כל הסיורים של מחר","מדריכים","live","Webhook — שליחת הודעה סיכום הסיורים מחר","Website / incoming form · Airtable · WhatsApp (Wassenger)","receives a form/web submission → looks up an Airtable record → sends a WhatsApp message","Manager Reports #11–#16 (guide schedule + per-booking messages)","","Replace inside GOS","Live, and GOS already covers it completely. Disable after a 48h parity watch.","34","0","2026-08-03T12:00:42.872Z","",""
"1126045","שליחת תכנים ללקוח לאחר מילוי טופס סיכום סיור+מחיקת הודעות מתוזמנות","מדריכים","live","Webhook — לאחר מילוי טופס סיור סיור","Website / incoming form · Airtable · WhatsApp (Wassenger) · Google Drive · Pipedrive","receives a form/web submission → looks up an Airtable record → branches on conditions → loops over items → looks up an Airtable record → calls another automation / external service → branches on conditions → talks to WhatsApp (Wassenger) → updates an Airtable record → handles a Drive file → branches on conditions → calls another automation / external service → loops over items → branches on conditions → reads/writes Make storage → looks up an Airtable record → handles deal products in Pipedrive → branches on conditions → handles deal products in Pipedrive → calls another automation / external service","Confirmation Email + Communication Center","Post-summary customer content is not yet a CC rule","Keep temporarily","Live, and GOS covers it only partly.","50","0","2026-08-01T13:04:17.007Z","",""
"2844878","תזמון חודשי למחשבון שכר","מדריכים","live","Scheduled (monthly)","Airtable","looks up an Airtable record → calls another automation / external service","Payroll module","","Replace inside GOS","Live, and GOS already covers it completely. Disable after a 48h parity watch.","4","0","2026-07-31T20:55:09.573Z","",""
"972724","עדכון מדריכים היסטורי","מדריכים","inactive","Scheduled every 15 min","Pipedrive · Airtable","reads deals from Pipedrive → looks up an Airtable record → updates an Airtable record","","","Can shut down now","Already inactive; no retained run history. Kept only as a record.","0","0","","",""
"1052263","מנגנון בקרה","מנגנון בקרה","auto-disabled by outage","Scheduled (weekly)","Pipedrive · Airtable · Gmail","reads/writes Pipedrive → reads deals from Pipedrive → looks up an Airtable record → branches on conditions → calls another automation / external service → updates an Airtable record → branches on conditions → updates an Airtable record → looks up an Airtable record → branches on conditions → deletes an Airtable record → sends an email","varies","Confirm whether the business still wants this behaviour at all","Requires my decision","Auto-disabled by Make during the Pipedrive 429 outage (2026-07-30..08-02), NOT by a decision.","33","3","2026-08-02T07:00:07.008Z","",""
"430353","הוספת טלפון בפורמט 05/972... לכל איש קשר שנכנס + יצירת קישורים מקוצרים לאנשים תחת סוכנות/הפקה","סוכנים ומפיקים","live","Instant (watches a system for changes)","Pipedrive · Link shortener","reads/writes Pipedrive → branches on conditions → normalises the Israeli phone number → updates the contact in Pipedrive → reads/writes Pipedrive → normalises the Israeli phone number → branches on conditions → shortens a link → updates the contact in Pipedrive","Phone normalizer + capability URLs","","Replace inside GOS","Live, and GOS already covers it completely. Disable after a 48h parity watch.","50","0","2026-08-03T12:16:38.625Z","",""
"1993342","הזמנות מסוכנים לפייפ","סוכנים ומפיקים","live","Instant (watches a system for changes)","Cognito Forms · Pipedrive · Airtable · Gmail","reads a Cognito form submission → reads/writes Pipedrive → looks up an Airtable record → branches on conditions → creates the contact in Pipedrive → reads/writes Pipedrive → loops over items → branches on conditions → creates a deal in Pipedrive → reads a Cognito form submission → handles deal products in Pipedrive → updates the deal in Pipedrive → reads/writes Pipedrive → writes a note on the Pipedrive deal → branches on conditions → reads/writes Pipedrive → branches on conditions → creates the contact in Pipedrive → updates the deal in Pipedrive → writes a note on the Pipedrive deal → sends an email","Agent Reservations module","Same as above","Keep temporarily","Live, and GOS covers it only partly.","14","0","2026-07-27T10:06:55.028Z","",""
"430333","יצירת קישורים לאנשים שמקושרים לסוכנויות ומפיקים - מיידי [ps31cvs7um4nq4zuo72ecd0o18no5ly9@hook.us1.make.com]","סוכנים ומפיקים","live","Incoming email","Pipedrive · Link shortener","receives an incoming email → looks up the contact in Pipedrive → branches on conditions → reads/writes Pipedrive → normalises the Israeli phone number → shortens a link → updates the contact in Pipedrive → writes a note on the Pipedrive deal","Capability URLs","","Replace inside GOS","Live, and GOS already covers it completely. Disable after a 48h parity watch.","5","0","2026-07-26T08:34:27.963Z","",""
"1993303","פתיחת לינק להזמנת סוכנים חדש","סוכנים ומפיקים","live","Webhook — פתיחת לינק דינמי לטופס הזמנה","Website / incoming form · Pipedrive · Cognito Forms","receives a form/web submission → looks up the contact in Pipedrive → branches on conditions → reads/writes Pipedrive → branches on conditions → looks up the contact in Pipedrive → reads a Cognito form submission","Agent Reservations module","Cognito order form not replaced by the GOS reservation flow","Keep temporarily","Live, and GOS covers it only partly.","50","5","2026-08-01T18:07:59.649Z","",""
"430258","יצירת קישורים לאנשים שמקושרים לסוכנויות ומפיקים - פעם ביום","סוכנים ומפיקים","auto-disabled by outage","Scheduled (daily)","Pipedrive · Link shortener","looks up the contact in Pipedrive → branches on conditions → reads/writes Pipedrive → normalises the Israeli phone number → shortens a link → updates the contact in Pipedrive → writes a note on the Pipedrive deal","varies","Confirm whether the business still wants this behaviour at all","Requires my decision","Auto-disabled by Make during the Pipedrive 429 outage (2026-07-30..08-02), NOT by a decision.","32","1","2026-08-01T05:00:14.541Z","",""
"835533","לינק לסליקה","סליקה","live","Webhook — פתיחת לינק דינמי לסליקה","Website / incoming form · Pipedrive","receives a form/web submission → reads deals from Pipedrive → looks up the contact in Pipedrive → handles deal products in Pipedrive → branches on conditions → calls another automation / external service → branches on conditions → calls another automation / external service → branches on conditions","GOS payment links (Cardcom + iCount)","","Replace inside GOS","Live, and GOS already covers it completely. Disable after a 48h parity watch.","50","5","2026-08-02T11:49:14.057Z","",""
"3934706","מוטרג מהתוסף חשבוניות אצל לאנדוליני","סליקה","live","Webhook — לאחר הפקה של מסמך חשבונאי בתוסף","Website / incoming form","receives a form/web submission","Native iCount module","","Replace inside GOS","Live, and GOS already covers it completely. Disable after a 48h parity watch.","12","0","2026-07-27T07:38:19.929Z","",""
"835854","תפיסת הסליקה מדף סליקה בפייפ","סליקה","live","Webhook — תפיסת סליקה","Website / incoming form · Pipedrive · Airtable · WhatsApp (Wassenger)","receives a form/web submission → reads deals from Pipedrive → branches on conditions → updates the deal in Pipedrive → writes a note on the Pipedrive deal → looks up an Airtable record → updates an Airtable record → updates the deal in Pipedrive → sends a WhatsApp message","GOS payment links","","Replace inside GOS","Live, and GOS already covers it completely. Disable after a 48h parity watch.","40","0","2026-07-30T04:51:57.703Z","",""
"1711911","סליקה עצמאית קירות של תקוה","סליקה","active but idle","Webhook — סליקה עצמאית קירות של תקוה","Website / incoming form · Pipedrive · Airtable","receives a form/web submission → calls another automation / external service → handles deal products in Pipedrive → reads deals from Pipedrive → looks up an Airtable record → updates the deal in Pipedrive → writes a note on the Pipedrive deal → looks up an Airtable record → creates an Airtable record → updates the deal in Pipedrive","GOS Ingress Platform (website_form) — code shipped, not credentialed","WEBSITE_FORM_SECRET unset; `messege`/`webpage` aliases missing","Keep temporarily","Lead-intake dependency — the only path these leads have into GOS today.","0","0","","",""
"4677244","Integration iCount","סליקה","inactive","Scheduled every 15 min","iCount","issues an accounting document (iCount)","","","Can shut down now","Already inactive; no retained run history. Kept only as a record.","0","0","","",""
"2725066","עדכון תנאי תשלום בדיל שמשוייך לארגון בפייפ עיסקי","עסקיים","live","Webhook — עדכון תנאי תשלום בדיל שמשוייך לארגון בפייפ עיסקי","Website / incoming form · Pipedrive · Airtable · Gmail","receives a form/web submission → reads/writes Pipedrive → branches on conditions → looks up an Airtable record → updates the deal in Pipedrive → sends an email","Deal classification SSOT (org-level payment terms)","","Replace inside GOS","Live, and GOS already covers it completely. Disable after a 48h parity watch.","33","0","2026-07-28T06:44:38.958Z","",""
"4549250","שליחת תוכן 2 ימים לפני תזכורת לתשלום","עסקיים","live","Webhook — שליחת תוכן 2 ימים לפני תזכורת לתשלום","Website / incoming form · Pipedrive · iCount · Gmail · WhatsApp (Wassenger)","receives a form/web submission → reads/writes Pipedrive → talks to iCount → sends an email → calls another automation / external service → looks up the contact in Pipedrive → normalises the Israeli phone number → branches on conditions → sends an email → sends a WhatsApp message → sends an email → sends a WhatsApp message","Communication Center + iCount","No active CC rule","Keep temporarily","Live, and GOS covers it only partly.","1","0","2026-07-08T06:00:12.789Z","",""
"430324","[טופל]לקוח עסקי ממלא טופס הזמנה > עדכון לדיל בפייפדרייב > שליחת מסמך ללקוח > שליחת נוטיפיקציה למשרד","עסקיים","active but idle","Webhook — לקוח עסקי שלח טופס הזמנה באתר","Website / incoming form · Pipedrive · Gmail · Google Docs · Google Drive","receives a form/web submission → branches on conditions → reads deals from Pipedrive → branches on conditions → normalises the Israeli phone number → updates the deal in Pipedrive → branches on conditions → calls another automation / external service → reads/writes Pipedrive → handles deal products in Pipedrive → sends an email → branches on conditions → produces a document → handles a Drive file → sends an email → produces a document → handles a Drive file → sends an email → reads/writes Pipedrive → branches on conditions → sends an email → calls another automation / external service","","Confirm with the business whether this path should still carry traffic","Requires my decision","Active but no runs in the retained window — cannot tell ""no traffic"" from ""silently broken"".","0","0","","",""
"1443989","יוזר חדש בפייפ לטבלת המרה באיירטייבל","עסקיים","active but idle","Webhook — הוספת יוזר חדש לפייפ","Website / incoming form · Airtable · Gmail","receives a form/web submission → creates an Airtable record → sends an email","","Confirm with the business whether this path should still carry traffic","Requires my decision","Active but no runs in the retained window — cannot tell ""no traffic"" from ""silently broken"".","0","0","","",""
"430325","לקוחות עסקיים - העברת סטייג' > שליחת תזכורת תשלום ללקוח","עסקיים","active but idle","Incoming email","Pipedrive · iCount · Airtable · Gmail","receives an incoming email → reads deals from Pipedrive → looks up the contact in Pipedrive → handles deal products in Pipedrive → issues an accounting document (iCount) → talks to iCount → calls another automation / external service → branches on conditions → looks up an Airtable record → sends an email → updates the deal in Pipedrive → looks up an Airtable record → sends an email → updates the deal in Pipedrive","","Confirm with the business whether this path should still carry traffic","Requires my decision","Active but no runs in the retained window — cannot tell ""no traffic"" from ""silently broken"".","0","0","","",""
"430345","לקוחות עסקיים - לחיצה על לינק במייל > שליחת תזכורת תשלום ללקוח","עסקיים","active but idle","Webhook — שליחת תזכורת תשלום ללקוח עסקי","Website / incoming form · Pipedrive · iCount · Airtable · Gmail","receives a form/web submission → reads deals from Pipedrive → looks up the contact in Pipedrive → handles deal products in Pipedrive → talks to iCount → calls another automation / external service → branches on conditions → looks up an Airtable record → sends an email → updates the deal in Pipedrive → looks up an Airtable record → sends an email → updates the deal in Pipedrive","","Confirm with the business whether this path should still carry traffic","Requires my decision","Active but no runs in the retained window — cannot tell ""no traffic"" from ""silently broken"".","0","0","","",""
"430308","סוכני תיירות וחברות הפקה ממלאים טופס הזמנה (חוזרת) > יצירת דיל > שליחת מסמך ללקוח > שליחת נוטיפיקציה למשרד","עסקיים","active but idle","Webhook — סוכן תיירות שלח טופס הזמנה באתר","Website / incoming form · Pipedrive · Link shortener · Airtable · Gmail · Google Docs · Google Drive","receives a form/web submission → normalises the Israeli phone number → looks for an existing company in Pipedrive → branches on conditions → creates the contact in Pipedrive → normalises the Israeli phone number → branches on conditions → shortens a link → updates the contact in Pipedrive → shortens a link → updates the contact in Pipedrive → shortens a link → updates the contact in Pipedrive → shortens a link → updates the contact in Pipedrive → reads/writes Pipedrive → updates the contact in Pipedrive → creates a deal in Pipedrive → branches on conditions → looks up an Airtable record → handles deal products in Pipedrive → sends an email → reads deals from Pipedrive → branches on conditions → handles deal products in Pipedrive → branches on conditions → produces a document → handles a Drive file → sends an email → produces a document → handles a Drive file → sends an email","","Confirm with the business whether this path should still carry traffic","Requires my decision","Active but no runs in the retained window — cannot tell ""no traffic"" from ""silently broken"".","0","0","","",""
"4561651","שליחת תוכן 5 ימים לפני תזכורת לתשלום","עסקיים","active but idle","Webhook — שליחת תוכן 5 ימים לפני תזכורת לתשלום","Website / incoming form · Pipedrive · iCount · Gmail · WhatsApp (Wassenger)","receives a form/web submission → reads/writes Pipedrive → handles deal products in Pipedrive → talks to iCount → sends an email → calls another automation / external service → looks up the contact in Pipedrive → normalises the Israeli phone number → branches on conditions → sends an email → sends a WhatsApp message → sends an email → sends a WhatsApp message","","Confirm with the business whether this path should still carry traffic","Requires my decision","Active but no runs in the retained window — cannot tell ""no traffic"" from ""silently broken"".","0","0","","",""
"430273","לקוחות עסקיים - הוצאת קבלות פעם ביום - 16:00","עסקיים","auto-disabled by outage","Scheduled (daily)","Pipedrive · iCount · Gmail","reads deals from Pipedrive → branches on conditions → reads/writes Pipedrive → handles deal products in Pipedrive → issues an accounting document (iCount) → calls another automation / external service → reads/writes Pipedrive → updates the deal in Pipedrive → calls another automation / external service → reads/writes Pipedrive → updates the deal in Pipedrive → sends an email","varies","Confirm whether the business still wants this behaviour at all","Requires my decision","Auto-disabled by Make during the Pipedrive 429 outage (2026-07-30..08-02), NOT by a decision.","30","2","2026-07-31T13:00:05.166Z","",""
"430267","לקוחות עסקיים - הוצאת קבלות פעם ביום - 8:00","עסקיים","auto-disabled by outage","Scheduled (daily)","Pipedrive · iCount · Gmail","reads deals from Pipedrive → branches on conditions → reads/writes Pipedrive → handles deal products in Pipedrive → issues an accounting document (iCount) → calls another automation / external service → reads/writes Pipedrive → updates the deal in Pipedrive → calls another automation / external service → reads/writes Pipedrive → updates the deal in Pipedrive → sends an email","varies","Confirm whether the business still wants this behaviour at all","Requires my decision","Auto-disabled by Make during the Pipedrive 429 outage (2026-07-30..08-02), NOT by a decision.","32","1","2026-08-01T05:00:12.149Z","",""
"430261","לקוחות עסקיים - יום אחרי פעילות העברה לפייפליין גבייה + יומיים אחרי מייל סיכום פעילות","עסקיים","auto-disabled by outage","Scheduled (daily)","Pipedrive · WooCommerce (website shop)","reads deals from Pipedrive → handles deal products in Pipedrive → branches on conditions → reads/writes Pipedrive → branches on conditions → creates a website coupon → looks up the contact in Pipedrive → handles deal products in Pipedrive → calls another automation / external service → branches on conditions → updates the deal in Pipedrive","varies","Confirm whether the business still wants this behaviour at all","Requires my decision","Auto-disabled by Make during the Pipedrive 429 outage (2026-07-30..08-02), NOT by a decision.","30","2","2026-07-31T13:00:13.568Z","",""
"1989068","סיכום סיור - לקוח עיסקי","עסקיים","auto-disabled by outage","Webhook — טופס סיכום סיור הושלם - לקוח עיסקי","Website / incoming form · Airtable · Pipedrive","receives a form/web submission → looks up an Airtable record → branches on conditions → creates a follow-up task in Pipedrive → loops over items → looks up an Airtable record → reads/writes Pipedrive","varies","Confirm whether the business still wants this behaviour at all","Requires my decision","Auto-disabled by Make during the Pipedrive 429 outage (2026-07-30..08-02), NOT by a decision.","17","2","2026-07-30T18:18:28.111Z","",""
"4549206","שליחת תוכן 4 ימים לפני","עסקיים","auto-disabled by outage","Webhook — שליחת תוכן 4 ימים לפני","Website / incoming form · Pipedrive","receives a form/web submission → reads/writes Pipedrive → handles deal products in Pipedrive → calls another automation / external service","varies","Confirm whether the business still wants this behaviour at all","Requires my decision","Auto-disabled by Make during the Pipedrive 429 outage (2026-07-30..08-02), NOT by a decision.","9","1","2026-07-31T06:00:08.968Z","",""
"1564301","דיל עסקי מאושר לאיירטייבל","עסקיים לפני המכירה","live","Webhook — דיל עסקי הפך ל WON","Website / incoming form · Pipedrive · Airtable · Gmail","receives a form/web submission → branches on conditions → reads deals from Pipedrive → reads/writes Pipedrive → looks up an Airtable record → reads/writes Airtable → calls another automation / external service → branches on conditions → looks up an Airtable record → reads/writes Airtable → reads/writes Pipedrive → updates an Airtable record → sends an email","Deals + Tours modules","","Replace inside GOS","Live, and GOS already covers it completely. Disable after a 48h parity watch.","50","0","2026-07-28T06:40:48.278Z","",""
"4677340","חישוב ועדכון צפי תשלום","עסקיים לפני המכירה","live","Scheduled (on-demand)","Pipedrive · Airtable","reads deals from Pipedrive → reads/writes Pipedrive → looks up an Airtable record → reads/writes Airtable → looks up an Airtable record → reads/writes Airtable → reads/writes Pipedrive","Collection module (גבייה)","","Replace inside GOS","Live, and GOS already covers it completely. Disable after a 48h parity watch.","34","0","2026-07-26T14:39:53.763Z","",""
"2329750","עדכון תנאי תשלום מהארגון לדיל","עסקיים לפני המכירה","inactive","Webhook — עדכון תנאי תשלום מהארגון לדיל","Website / incoming form · Pipedrive","receives a form/web submission → reads deals from Pipedrive → reads/writes Pipedrive → updates the deal in Pipedrive","","","Can shut down now","Already inactive; no retained run history. Kept only as a record.","0","0","","",""
"1723213","פתיחת טופס הזמנה חדש לאנדוליני","עסקיים לפני המכירה","inactive","Webhook — לינק לטופס הזמנה דינמי","Website / incoming form · Pipedrive · Airtable","receives a form/web submission → reads deals from Pipedrive → looks up an Airtable record","","","Can shut down now","Already inactive; no retained run history. Kept only as a record.","0","0","","",""
"1213773","Office hours calculator","שעות עבודה","live","Webhook — Office hours calculator","Website / incoming form","receives a form/web submission → branches on conditions","none needed — internal helper","","Replace inside GOS","Live, and GOS already covers it completely. Disable after a 48h parity watch.","50","0","2026-08-01T13:04:19.374Z","",""
"4227190","AI","AI","inactive","Instant (watches a system for changes)","WhatsApp (Wassenger)","reads WhatsApp","","","Can shut down now","Already inactive; no retained run history. Kept only as a record.","0","0","","",""
"1952599","one click","One click","inactive","Webhook — one click_messaging1","Website / incoming form · Airtable","receives a form/web submission → looks up an Airtable record → calls another automation / external service","","","Can shut down now","Already inactive; no retained run history. Kept only as a record.","0","0","","",""
"2607384","בדיקת חיבור ווסנג'ר","wassenger","live","Scheduled (daily)","Gmail","branches on conditions → calls another automation / external service → sends an email → calls another automation / external service → sends an email → calls another automation / external service → sends an email","WhatsApp bridge health + בקרה detectors","","Replace inside GOS","Live, and GOS already covers it completely. Disable after a 48h parity watch.","34","0","2026-08-03T05:00:06.730Z","",""
"3734669","דיל מפאנזינג","wassenger","live","Incoming email","WhatsApp (Wassenger)","receives an incoming email → sends a WhatsApp message","Deal sources","","Replace inside GOS","Live, and GOS already covers it completely. Disable after a 48h parity watch.","1","0","2026-07-15T11:10:11.237Z","",""
"440474","לקוחות פרטיים - תזכורות לקראת פעילות (wassenger - check content)","wassenger","live","Scheduled (daily)","Pipedrive · Airtable · Link shortener · WhatsApp (Wassenger)","reads/writes Pipedrive → reads deals from Pipedrive → branches on conditions → handles deal products in Pipedrive → branches on conditions → handles deal products in Pipedrive → calls another automation / external service → looks up the contact in Pipedrive → handles deal products in Pipedrive → looks up an Airtable record → shortens a link → branches on conditions → sends a WhatsApp message → branches on conditions → sends a WhatsApp message → branches on conditions → sends a WhatsApp message","Communication Center pre-activity reminders","No active CC rule carries these yet","Keep temporarily","Live, and GOS covers it only partly.","34","0","2026-08-03T05:00:07.948Z","",""
"3121861","שליחה לאחר עריכה בפייפ","wassenger","live","Webhook — שליחת וואטסאפ מיידי","Website / incoming form · Pipedrive · Airtable · WhatsApp (Wassenger)","receives a form/web submission → reads deals from Pipedrive → looks up the contact in Pipedrive → branches on conditions → reads/writes Airtable → branches on conditions → normalises the Israeli phone number → updates the deal in Pipedrive → writes a note on the Pipedrive deal → branches on conditions → sends a WhatsApp message → updates the deal in Pipedrive → creates a follow-up task in Pipedrive → writes a note on the Pipedrive deal → updates the deal in Pipedrive","WhatsApp module (Baileys bridge)","","Replace inside GOS","Live, and GOS already covers it completely. Disable after a 48h parity watch.","50","0","2026-08-03T12:19:08.761Z","",""
"3956203","שליחת וואטסאפ ב6 בבוקר על סיורים שלא מולא סיכום סיור","wassenger","live","Scheduled (daily)","Airtable · WhatsApp (Wassenger)","looks up an Airtable record → branches on conditions → looks up an Airtable record → branches on conditions → looks up an Airtable record → sends a WhatsApp message → looks up an Airtable record → branches on conditions → looks up an Airtable record → sends a WhatsApp message","Manager Reports #7/#8 (missing tour summaries)","","Replace inside GOS","Live, and GOS already covers it completely. Disable after a 48h parity watch.","34","0","2026-08-03T03:00:09.657Z","",""
"439285","טופס פאנזינג שולח הודעת וואטסאפ (wassenger)","wassenger","active but idle","Webhook — טופס פאנזינג שולח הודעת וואטסאפ","Website / incoming form · WhatsApp (Wassenger)","receives a form/web submission → normalises the Israeli phone number → sends a WhatsApp message","","Confirm with the business whether this path should still carry traffic","Requires my decision","Active but no runs in the retained window — cannot tell ""no traffic"" from ""silently broken"".","0","0","","",""
"430344","כפתור באיירטייבל להוספת ניסוח וואטסאפ מיידי","wassenger","active but idle","Webhook — הוספת וואטסאפ מיידי חדש בכפתור איירטייבל","Website / incoming form · Airtable · Pipedrive","receives a form/web submission → looks up an Airtable record → reads/writes Pipedrive → loops over items → reads/writes Pipedrive → updates an Airtable record","","Confirm with the business whether this path should still carry traffic","Requires my decision","Active but no runs in the retained window — cannot tell ""no traffic"" from ""silently broken"".","0","0","","",""
"4046811","שליחת הודעה עם משוב בקבוצת מדריכים ","wassenger","active but idle","Webhook — שליחת הודעה עם משוב בקבוצת מדריכים ","Website / incoming form · Airtable · WhatsApp (Wassenger)","receives a form/web submission → looks up an Airtable record → branches on conditions → loops over items → sends a WhatsApp message → branches on conditions → looks up an Airtable record → sends a WhatsApp message → loops over items → looks up an Airtable record → sends a WhatsApp message","","Confirm with the business whether this path should still carry traffic","Requires my decision","Active but no runs in the retained window — cannot tell ""no traffic"" from ""silently broken"".","0","0","","",""
"3868542","(note) נוצר נאוט ידני בדיל -> שליחת ווצאפ למשרד","wassenger","inactive","Webhook — נוצר note ידני בדיל","Website / incoming form","receives a form/web submission","","","Can shut down now","Already inactive; no retained run history. Kept only as a record.","0","0","","",""
"2923485","טופס השתתפות","wassenger","inactive","Webhook — מענה מהוואצאפ","Website / incoming form · WhatsApp (Wassenger)","receives a form/web submission → sends a WhatsApp message","","","Can shut down now","Already inactive; no retained run history. Kept only as a record.","0","0","","",""
"430291","לקוחות עסקיים - תזכורת לקראת פעילות + תזכורות לתשלום (שבת - ערב) (wassenger)","wassenger","auto-disabled by outage","Scheduled (daily)","Pipedrive · iCount · Gmail · WhatsApp (Wassenger)","reads deals from Pipedrive → looks up the contact in Pipedrive → handles deal products in Pipedrive → branches on conditions → reads/writes Pipedrive → handles deal products in Pipedrive → calls another automation / external service → talks to iCount → calls another automation / external service → branches on conditions → sends an email → normalises the Israeli phone number → sends a WhatsApp message → sends an email → normalises the Israeli phone number → sends a WhatsApp message → branches on conditions → normalises the Israeli phone number → branches on conditions → sends an email → sends a WhatsApp message → sends an email → sends a WhatsApp message","varies","Confirm whether the business still wants this behaviour at all","Requires my decision","Auto-disabled by Make during the Pipedrive 429 outage (2026-07-30..08-02), NOT by a decision.","30","2","2026-07-30T17:30:04.335Z","",""
"430295","לקוחות עסקיים - תזכורת לתשלום ביום הפעילות עבור הלקוח + המדריך (wassenger)","wassenger","auto-disabled by outage","Scheduled (daily)","Pipedrive · Airtable · iCount · Gmail · WhatsApp (Wassenger)","reads deals from Pipedrive → looks up the contact in Pipedrive → reads/writes Pipedrive → reads deals from Pipedrive → looks up an Airtable record → branches on conditions → looks up an Airtable record → talks to iCount → calls another automation / external service → sends an email → looks up an Airtable record → talks to iCount → calls another automation / external service → sends an email → looks up an Airtable record → branches on conditions → sends a WhatsApp message","varies","Confirm whether the business still wants this behaviour at all","Requires my decision","Auto-disabled by Make during the Pipedrive 429 outage (2026-07-30..08-02), NOT by a decision.","32","1","2026-08-01T05:00:15.361Z","",""
"4339341","עדכון מזהה איש קשר בוואסנגר","wassenger","inactive","Instant (watches a system for changes)","Pipedrive · WhatsApp (Wassenger)","reads/writes Pipedrive → talks to WhatsApp (Wassenger) → branches on conditions → talks to WhatsApp (Wassenger)","","","Can shut down now","Already inactive; no retained run history. Kept only as a record.","0","0","","",""
"1081615","ענת בדיקה","wassenger","inactive","Scheduled every 15 min","WhatsApp (Wassenger) · Pipedrive","talks to WhatsApp (Wassenger) → loops over items → reads/writes Pipedrive → writes a note on the Pipedrive deal","","","Can shut down now","Already inactive; last ran 2026-07-15. Kept only as a record.","1","1","2026-07-15T14:10:10.497Z","",""
"3954621","שליחת הודעת וואטסאפ חדשה בקבוצת לוגיסטיקה-כובה בתאריך 25.11.25 לבקשת דור","wassenger","inactive","Webhook — שליחת הודעת וואטסאפ חדשה בקבוצת לוגיסטיקה","Website / incoming form · WhatsApp (Wassenger)","receives a form/web submission → sends a WhatsApp message","","","Can shut down now","Already inactive; no retained run history. Kept only as a record.","0","0","","",""
"440488","תזכורות למדריכים לקראת פעילות (wassenger) ענת סגרה 11/05/2025","wassenger","inactive","Scheduled (daily)","Pipedrive · Airtable · WhatsApp (Wassenger)","reads deals from Pipedrive → branches on conditions → normalises the Israeli phone number → handles deal products in Pipedrive → looks up an Airtable record → branches on conditions → sends a WhatsApp message","","","Can shut down now","Already inactive; no retained run history. Kept only as a record.","0","0","","",""